#
# A fatal error has been detected by the Java Runtime Environment:
#
#  EXCEPTION_ACCESS_VIOLATION (0xc0000005) at pc=0x00007ffdb3f86384, pid=11176, tid=19768
#
# JRE version: OpenJDK Runtime Environment Temurin-17.0.18+8 (17.0.18+8) (build 17.0.18+8)
# Java VM: OpenJDK 64-Bit Server VM Temurin-17.0.18+8 (17.0.18+8, mixed mode, sharing, tiered, compressed oops, compressed class ptrs, g1 gc, windows-amd64)
# Problematic frame:
# V  [jvm.dll+0x796384]
#
# No core dump will be written. Minidumps are not enabled by default on client versions of Windows
#
# If you would like to submit a bug report, please visit:
#   https://github.com/adoptium/adoptium-support/issues
#

---------------  S U M M A R Y ------------

Command Line: --add-opens=java.base/java.lang=ALL-UNNAMED --add-opens=java.base/java.lang.invoke=ALL-UNNAMED --add-opens=java.base/java.util=ALL-UNNAMED --add-opens=java.prefs/java.util.prefs=ALL-UNNAMED --add-exports=jdk.compiler/com.sun.tools.javac.api=ALL-UNNAMED --add-exports=jdk.compiler/com.sun.tools.javac.util=ALL-UNNAMED --add-opens=java.base/java.util=ALL-UNNAMED --add-opens=java.prefs/java.util.prefs=ALL-UNNAMED --add-opens=java.base/java.nio.charset=ALL-UNNAMED --add-opens=java.base/java.net=ALL-UNNAMED --add-opens=java.base/java.util.concurrent.atomic=ALL-UNNAMED --add-opens=java.xml/javax.xml.namespace=ALL-UNNAMED -Xmx2048m -Dfile.encoding=UTF-8 -Duser.country=CO -Duser.language=es -Duser.variant -javaagent:C:\Users\Cristofer\.gradle\wrapper\dists\gradle-8.13-bin\5xuhj0ry160q40clulazy9h7d\gradle-8.13\lib\agents\gradle-instrumentation-agent-8.13.jar org.gradle.launcher.daemon.bootstrap.GradleDaemon 8.13

Host: AMD Ryzen 5 5600H with Radeon Graphics         , 12 cores, 11G,  Windows 11 , 64 bit Build 26100 (10.0.26100.8328)
Time: Mon May 25 15:32:10 2026 Hora est. Pacífico, Sudamérica elapsed time: 31.929943 seconds (0d 0h 0m 31s)

---------------  T H R E A D  ---------------

Current thread (0x000002ca5cfcc0d0):  JavaThread "C2 CompilerThread2" daemon [_thread_in_native, id=19768, stack(0x000000eba2900000,0x000000eba2a00000)]


Current CompileTask:
C2:31930 24781       4       com.intellij.lang.impl.PsiBuilderImpl::insertLeaves (105 bytes)

Stack: [0x000000eba2900000,0x000000eba2a00000],  sp=0x000000eba29fb990,  free space=1006k
Native frames: (J=compiled Java code, j=interpreted, Vv=VM code, C=native code)
V  [jvm.dll+0x796384]
V  [jvm.dll+0x6abb4d]
V  [jvm.dll+0x6aa64a]
V  [jvm.dll+0x21add4]
V  [jvm.dll+0x2190fe]
V  [jvm.dll+0x1a4920]
V  [jvm.dll+0x22989a]
V  [jvm.dll+0x227a4b]
V  [jvm.dll+0x7f0658]
V  [jvm.dll+0x7eaaec]
V  [jvm.dll+0x6835c7]
C  [ucrtbase.dll+0x37b0]
C  [KERNEL32.DLL+0x2e957]
C  [ntdll.dll+0x427c]


siginfo: EXCEPTION_ACCESS_VIOLATION (0xc0000005), reading address 0x0000000000000018


Registers:
RAX=0x0000000000000000, RBX=0x000002ca59379470, RCX=0x0000000000000001, RDX=0x000002ca7f0cbad8
RSP=0x000000eba29fb990, RBP=0x0000000000000000, RSI=0x000000eba29fbc30, RDI=0x0000000000000000
R8 =0x000002ca62cac5e8, R9 =0x000002ca582d5f60, R10=0x0000000000003fff, R11=0x000002ca63142328
R12=0x000000000000001c, R13=0x000002ca593795b0, R14=0x0000000000000054, R15=0x000002ca588bb1d8
RIP=0x00007ffdb3f86384, EFLAGS=0x0000000000010297

XMM[0]=0x0000000000000000 0x0000000000000000
XMM[1]=0x000002ca56907028 0x000002ca62e327a8
XMM[2]=0x000002ca7f0e2d20 0x000002ca7f0e3838
XMM[3]=0x0000000000000000 0x0000000000000000
XMM[4]=0x0000000000000000 0x0000000000000000
XMM[5]=0x000002ca5bc21fb0 0x000002ca58685b18
XMM[6]=0x0000000000000000 0x0000000000000000
XMM[7]=0x0000000000000000 0x0000000000000000
XMM[8]=0x0000000000000000 0x0000000000000000
XMM[9]=0x0000000000000000 0x0000000000000000
XMM[10]=0x0000000000000000 0x0000000000000000
XMM[11]=0x0000000000000000 0x0000000000000000
XMM[12]=0x0000000000000000 0x0000000000000000
XMM[13]=0x0000000000000000 0x0000000000000000
XMM[14]=0x0000000000000000 0x0000000000000000
XMM[15]=0x0000000000000000 0x0000000000000000
  MXCSR=0x00001fa0


Register to memory mapping:

RIP=0x00007ffdb3f86384 jvm.dll
RAX=0x0 is NULL
RBX=0x000002ca59379470 points into unknown readable memory: 0x00007ffdb4125768 | 68 57 12 b4 fd 7f 00 00
RCX=0x0000000000000001 is an unknown value
RDX=0x000002ca7f0cbad8 points into unknown readable memory: 0x00007ffdb40962d0 | d0 62 09 b4 fd 7f 00 00
RSP=0x000000eba29fb990 is pointing into the stack for thread: 0x000002ca5cfcc0d0
RBP=0x0 is NULL
RSI=0x000000eba29fbc30 is pointing into the stack for thread: 0x000002ca5cfcc0d0
RDI=0x0 is NULL
R8 =0x000002ca62cac5e8 points into unknown readable memory: 0x00007ffdb4122940 | 40 29 12 b4 fd 7f 00 00
R9 =0x000002ca582d5f60 points into unknown readable memory: 0x000002ca7f0cbb10 | 10 bb 0c 7f ca 02 00 00
R10=0x0000000000003fff is an unknown value
R11=0x000002ca63142328 points into unknown readable memory: 0x000002ca62cac5e8 | e8 c5 ca 62 ca 02 00 00
R12=0x000000000000001c is an unknown value
R13=0x000002ca593795b0 points into unknown readable memory: 0x00007ffdb4108770 | 70 87 10 b4 fd 7f 00 00
R14=0x0000000000000054 is an unknown value
R15=0x000002ca588bb1d8 points into unknown readable memory: 0x00007ffdb41075c0 | c0 75 10 b4 fd 7f 00 00


Top of Stack: (sp=0x000000eba29fb990)
0x000000eba29fb990:   000002ca62909e80 00007ffdb3f887be
0x000000eba29fb9a0:   000002ca62909e80 0000000000001de7
0x000000eba29fb9b0:   000000eba29fc5b8 00007ffdb3f887be
0x000000eba29fb9c0:   000002ca593795b0 00007ffdb3e99fe6
0x000000eba29fb9d0:   000002ca59379540 000002ca625d0770
0x000000eba29fb9e0:   000002ca63144af8 0000000000000870
0x000000eba29fb9f0:   000002ca59fc1090 0000000000000000
0x000000eba29fba00:   0000000000000000 000000eba29fbc30
0x000000eba29fba10:   0000000000001de9 00007ffdb3e9bb4d
0x000000eba29fba20:   000002ca00000054 000002ca593795b0
0x000000eba29fba30:   0000000000001de8 000002ca5817e9e8
0x000000eba29fba40:   0000000000000870 00007ffdb3e9a64a
0x000000eba29fba50:   000000eba29febf0 0000000000001de9
0x000000eba29fba60:   000002ca593795b0 000000eba29fbc30
0x000000eba29fba70:   0000000000000004 000002ca58197f50
0x000000eba29fba80:   0000000000000050 00007ffdb3a0add4
0x000000eba29fba90:   0000000000000020 000002ca65fba010
0x000000eba29fbaa0:   000000eba29febf0 000000eba29fbb90
0x000000eba29fbab0:   0000000000000000 0000000000000000
0x000000eba29fbac0:   000002ca5cfc0000 0000000000000000
0x000000eba29fbad0:   000002ca5cfcc0d0 000000eba29fbc00
0x000000eba29fbae0:   000002ca61a98350 00007ffdb4134ca8
0x000000eba29fbaf0:   0000000000000000 0000000000000000
0x000000eba29fbb00:   0000000000000000 00007ffdb4134ca8
0x000000eba29fbb10:   0000000000000000 0000000000000050
0x000000eba29fbb20:   00000000000302e8 000002ca58197f68
0x000000eba29fbb30:   000000eba29fbf72 000002ca5ac5faf0
0x000000eba29fbb40:   0000000073c4692b 00007ffdb3f9a273
0x000000eba29fbb50:   000002ca58197f50 000002ca5b05c7a2
0x000000eba29fbb60:   0000000000000016 000000eba29fbbc0
0x000000eba29fbb70:   00000000000302e8 000002ca58197f68
0x000000eba29fbb80:   000002ca5ac5faf0 00007ffdb3f9a65d 

Instructions: (pc=0x00007ffdb3f86384)
0x00007ffdb3f86284:   a8 00 00 00 48 85 c0 0f 84 39 08 00 00 48 8b 15
0x00007ffdb3f86294:   60 d4 42 00 48 3b c2 75 72 41 81 fc 48 01 00 00
0x00007ffdb3f862a4:   75 69 4c 8b 43 08 49 8b 40 08 48 3b c3 74 5c 8b
0x00007ffdb3f862b4:   48 28 48 8b 05 4b d4 42 00 49 39 04 c9 75 4c 49
0x00007ffdb3f862c4:   8b 40 10 8b 48 28 48 8b 05 2f d4 42 00 49 39 04
0x00007ffdb3f862d4:   c9 75 38 41 f7 45 38 fb ff ff ff 75 2e b9 38 00
0x00007ffdb3f862e4:   00 00 e8 b5 89 87 ff 48 85 c0 0f 84 53 fe ff ff
0x00007ffdb3f862f4:   48 8b 4b 08 4d 8b c7 48 8b 51 08 48 8b c8 e8 d9
0x00007ffdb3f86304:   ad 90 ff 48 8b d0 e9 3b fe ff ff 41 83 fe 54 0f
0x00007ffdb3f86314:   85 56 02 00 00 41 83 fc 1c 0f 85 96 00 00 00 41
0x00007ffdb3f86324:   8b 45 38 48 8b ef 83 f8 05 75 05 49 8b ef eb 66
0x00007ffdb3f86334:   83 f8 03 75 61 49 8b 07 49 8b cf ff 10 83 f8 17
0x00007ffdb3f86344:   75 4d 49 8b 47 08 48 8b 48 10 e8 ed ba ec ff 48
0x00007ffdb3f86354:   85 c0 74 3b 8b 48 18 3b 48 1c 75 33 83 f9 01 75
0x00007ffdb3f86364:   2e 49 8b 47 08 4c 8b 40 08 48 8b 46 50 41 8b 48
0x00007ffdb3f86374:   28 48 8b 14 c8 48 8b c7 83 7a 10 03 48 0f 44 c2
0x00007ffdb3f86384:   83 78 18 ff 7f 06 83 78 1c ff 7d 03 49 8b e8 48
0x00007ffdb3f86394:   8b 15 5e d3 42 00 48 8b 43 08 48 39 68 10 74 06
0x00007ffdb3f863a4:   48 39 68 08 75 0f b9 01 00 00 00 e8 4c 0d e8 ff
0x00007ffdb3f863b4:   e9 13 07 00 00 41 83 7d 38 03 0f 85 d0 00 00 00
0x00007ffdb3f863c4:   41 83 fc 1c 0f 85 c6 00 00 00 bd 01 00 00 00 0f
0x00007ffdb3f863d4:   1f 40 00 66 0f 1f 84 00 00 00 00 00 48 8b 43 08
0x00007ffdb3f863e4:   8b cd 4c 8b 34 c8 49 8b ce 49 8b 06 ff 10 83 f8
0x00007ffdb3f863f4:   17 75 29 49 8b 46 08 48 8b 48 10 e8 3c ba ec ff
0x00007ffdb3f86404:   48 85 c0 74 17 8b 48 18 3b 48 1c 75 0f 83 f9 ff
0x00007ffdb3f86414:   75 0a 49 8b 46 08 4c 39 78 08 74 18 ff c5 83 fd
0x00007ffdb3f86424:   02 7e b9 48 8b 15 ca d2 42 00 44 8b b4 24 90 00
0x00007ffdb3f86434:   00 00 eb 69 b9 38 00 00 00 e8 5e 88 87 ff 48 8b
0x00007ffdb3f86444:   d8 48 85 c0 74 1d 33 d2 48 8b ce e8 fc 3c f1 ff
0x00007ffdb3f86454:   4c 8b c0 49 8b d7 48 8b cb e8 0e ad 90 ff 48 8b
0x00007ffdb3f86464:   d0 eb 03 48 8b d7 48 8b 06 48 8b ce ff 50 08 b9
0x00007ffdb3f86474:   40 00 00 00 48 8b d8 e8 20 88 87 ff 48 85 c0 0f 


Stack slot to memory mapping:
stack at sp + 0 slots: 0x000002ca62909e80 points into unknown readable memory: 0x00007ffdb4108770 | 70 87 10 b4 fd 7f 00 00
stack at sp + 1 slots: 0x00007ffdb3f887be jvm.dll
stack at sp + 2 slots: 0x000002ca62909e80 points into unknown readable memory: 0x00007ffdb4108770 | 70 87 10 b4 fd 7f 00 00
stack at sp + 3 slots: 0x0000000000001de7 is an unknown value
stack at sp + 4 slots: 0x000000eba29fc5b8 is pointing into the stack for thread: 0x000002ca5cfcc0d0
stack at sp + 5 slots: 0x00007ffdb3f887be jvm.dll
stack at sp + 6 slots: 0x000002ca593795b0 points into unknown readable memory: 0x00007ffdb4108770 | 70 87 10 b4 fd 7f 00 00
stack at sp + 7 slots: 0x00007ffdb3e99fe6 jvm.dll


---------------  P R O C E S S  ---------------

Threads class SMR info:
_java_thread_list=0x000002ca65ee5cb0, length=246, elements={
0x000002ca6f84ae30, 0x000002ca7e68bd40, 0x000002ca7e68ec20, 0x000002ca7f064090,
0x000002ca7f064960, 0x000002ca7f065230, 0x000002ca7e6acce0, 0x000002ca7f06fa30,
0x000002ca7f080400, 0x000002ca7f080d10, 0x000002ca7f189570, 0x000002ca7f207a60,
0x000002ca5632db00, 0x000002ca7fc03570, 0x000002ca7fade370, 0x000002ca573a1440,
0x000002ca573a7970, 0x000002ca572b1f40, 0x000002ca572b2960, 0x000002ca572b3380,
0x000002ca572b1010, 0x000002ca572b2450, 0x000002ca572b1520, 0x000002ca572b3890,
0x000002ca572b2e70, 0x000002ca572b3da0, 0x000002ca572b42b0, 0x000002ca572b47c0,
0x000002ca57b957a0, 0x000002ca57b966d0, 0x000002ca57b96be0, 0x000002ca57b97600,
0x000002ca57b94d80, 0x000002ca57b970f0, 0x000002ca57b97b10, 0x000002ca57b98020,
0x000002ca57b98530, 0x000002ca57b95cb0, 0x000002ca57b98a40, 0x000002ca57b98f50,
0x000002ca57b961c0, 0x000002ca57b99e80, 0x000002ca57b99460, 0x000002ca57b99970,
0x000002ca57b9a390, 0x000002ca57b9a8a0, 0x000002ca57b9adb0, 0x000002ca57b9c700,
0x000002ca57b9b2c0, 0x000002ca57b9b7d0, 0x000002ca57b9bce0, 0x000002ca57b9c1f0,
0x000002ca5b2c1bf0, 0x000002ca5b2bfd90, 0x000002ca5b2c0cc0, 0x000002ca5b2bee60,
0x000002ca5b2c16e0, 0x000002ca5b2bf880, 0x000002ca5b2c2100, 0x000002ca5b2c2610,
0x000002ca5b2c3030, 0x000002ca5b2c3a50, 0x000002ca5b2c2b20, 0x000002ca5b2c3540,
0x000002ca5b2c02a0, 0x000002ca5b2c07b0, 0x000002ca5b2c4980, 0x000002ca5b2c5dc0,
0x000002ca5b2c3f60, 0x000002ca5b2c4470, 0x000002ca5b2c4e90, 0x000002ca5b2c53a0,
0x000002ca5b2c58b0, 0x000002ca5b2c62d0, 0x000002ca5b2c67e0, 0x000002ca58bb40a0,
0x000002ca58bb59f0, 0x000002ca58bb5f00, 0x000002ca58bb6410, 0x000002ca58bb6920,
0x000002ca58bb6e30, 0x000002ca58bb54e0, 0x000002ca58bb7340, 0x000002ca58bb3b90,
0x000002ca58bb4fd0, 0x000002ca58bb7850, 0x000002ca58bb7d60, 0x000002ca58bb45b0,
0x000002ca58bb8270, 0x000002ca58bb4ac0, 0x000002ca58bbb000, 0x000002ca58bbb510,
0x000002ca58bb8780, 0x000002ca58bb8c90, 0x000002ca58bb91a0, 0x000002ca58bb96b0,
0x000002ca58bb9bc0, 0x000002ca58bba0d0, 0x000002ca58bba5e0, 0x000002ca58bbaaf0,
0x000002ca5b3fef80, 0x000002ca5b403b70, 0x000002ca5b4054c0, 0x000002ca5b401d10,
0x000002ca5b4059d0, 0x000002ca629662c0, 0x000002ca62963a40, 0x000002ca62967700,
0x000002ca62964970, 0x000002ca62965390, 0x000002ca62966ce0, 0x000002ca62963f50,
0x000002ca629667d0, 0x000002ca62967c10, 0x000002ca62964e80, 0x000002ca629671f0,
0x000002ca62964460, 0x000002ca62968b40, 0x000002ca62968630, 0x000002ca62968120,
0x000002ca62969050, 0x000002ca629658a0, 0x000002ca62965db0, 0x000002ca62969560,
0x000002ca62969a70, 0x000002ca6296a9a0, 0x000002ca6296a490, 0x000002ca6296aeb0,
0x000002ca6296b3c0, 0x000002ca5b3ff490, 0x000002ca5af0fa90, 0x000002ca5af109c0,
0x000002ca5af0e140, 0x000002ca5af104b0, 0x000002ca5af10ed0, 0x000002ca5af0ffa0,
0x000002ca5af113e0, 0x000002ca5af118f0, 0x000002ca5af0e650, 0x000002ca5af0eb60,
0x000002ca5af0f580, 0x000002ca5af0f070, 0x000002ca584c1b70, 0x000002ca584bf800,
0x000002ca584be8d0, 0x000002ca584bede0, 0x000002ca584bf2f0, 0x000002ca584c0730,
0x000002ca584c0220, 0x000002ca584c0c40, 0x000002ca584c1150, 0x000002ca584c1660,
0x000002ca584bfd10, 0x000002ca58e54140, 0x000002ca58e55070, 0x000002ca58e55580,
0x000002ca58e55fa0, 0x000002ca58e54650, 0x000002ca58e53c30, 0x000002ca58e55a90,
0x000002ca58e569c0, 0x000002ca58e54b60, 0x000002ca58e53210, 0x000002ca58e53720,
0x000002ca58e564b0, 0x000002ca584c2080, 0x000002ca5beabdc0, 0x000002ca5beaae90,
0x000002ca5beae130, 0x000002ca5beaa980, 0x000002ca5beadc20, 0x000002ca5beae640,
0x000002ca5beac2d0, 0x000002ca5beab8b0, 0x000002ca5beaf570, 0x000002ca5beaff90,
0x000002ca5beb18e0, 0x000002ca5beb2300, 0x000002ca5beb0ec0, 0x000002ca5b2bf370,
0x000002ca7f50bd50, 0x000002ca7f50b840, 0x000002ca7f5094d0, 0x000002ca7f50c260,
0x000002ca7f50ae20, 0x000002ca7f508ab0, 0x000002ca7f50c770, 0x000002ca7f50a400,
0x000002ca7f50a910, 0x000002ca7f508fc0, 0x000002ca7f50b330, 0x000002ca7f50cc80,
0x000002ca7f5099e0, 0x000002ca7f50d6a0, 0x000002ca7f50e5d0, 0x000002ca7f50ff20,
0x000002ca7f50dbb0, 0x000002ca7f50eff0, 0x000002ca7f50e0c0, 0x000002ca7f50eae0,
0x000002ca5cfcfb40, 0x000002ca5cfcc0d0, 0x000002ca7f50f500, 0x000002ca7f50fa10,
0x000002ca5beb1df0, 0x000002ca5beaeb50, 0x000002ca5b2c11d0, 0x000002ca622b36a0,
0x000002ca622b0e20, 0x000002ca622b2770, 0x000002ca622b0400, 0x000002ca622b3190,
0x000002ca622b2260, 0x000002ca622b1840, 0x000002ca622b3bb0, 0x000002ca622b1330,
0x000002ca622b4ae0, 0x000002ca622b1d50, 0x000002ca622b45d0, 0x000002ca622b4ff0,
0x000002ca622b5500, 0x000002ca622b5a10, 0x000002ca622b5f20, 0x000002ca622b6430,
0x000002ca622b2c80, 0x000002ca622b8cb0, 0x000002ca622b9be0, 0x000002ca622b8290,
0x000002ca622bd8a0, 0x000002ca622b7360, 0x000002ca622bb020, 0x000002ca622bce80,
0x000002ca622bddb0, 0x000002ca622be2c0, 0x000002ca622be7d0, 0x000002ca622bb530,
0x000002ca622bf1f0, 0x000002ca622bf700, 0x000002ca622bfc10, 0x000002ca5beb04a0,
0x000002ca622bba40, 0x000002ca5b403150, 0x000002ca66ec00f0, 0x000002ca66ec2460,
0x000002ca66ec1020, 0x000002ca66ec2e80
}

Java Threads: ( => current thread )
  0x000002ca6f84ae30 JavaThread "main" [_thread_blocked, id=9140, stack(0x000000eb94700000,0x000000eb94800000)]
  0x000002ca7e68bd40 JavaThread "Reference Handler" daemon [_thread_blocked, id=15164, stack(0x000000eb94e00000,0x000000eb94f00000)]
  0x000002ca7e68ec20 JavaThread "Finalizer" daemon [_thread_blocked, id=3776, stack(0x000000eb94f00000,0x000000eb95000000)]
  0x000002ca7f064090 JavaThread "Signal Dispatcher" daemon [_thread_blocked, id=17788, stack(0x000000eb95000000,0x000000eb95100000)]
  0x000002ca7f064960 JavaThread "Attach Listener" daemon [_thread_blocked, id=17964, stack(0x000000eb95100000,0x000000eb95200000)]
  0x000002ca7f065230 JavaThread "Service Thread" daemon [_thread_blocked, id=5788, stack(0x000000eb95200000,0x000000eb95300000)]
  0x000002ca7e6acce0 JavaThread "Monitor Deflation Thread" daemon [_thread_blocked, id=4180, stack(0x000000eb95300000,0x000000eb95400000)]
  0x000002ca7f06fa30 JavaThread "C2 CompilerThread0" daemon [_thread_in_native, id=20300, stack(0x000000eb95400000,0x000000eb95500000)]
  0x000002ca7f080400 JavaThread "C1 CompilerThread0" daemon [_thread_blocked, id=8712, stack(0x000000eb95500000,0x000000eb95600000)]
  0x000002ca7f080d10 JavaThread "Sweeper thread" daemon [_thread_blocked, id=12220, stack(0x000000eb95600000,0x000000eb95700000)]
  0x000002ca7f189570 JavaThread "Common-Cleaner" daemon [_thread_blocked, id=4140, stack(0x000000eb95700000,0x000000eb95800000)]
  0x000002ca7f207a60 JavaThread "Notification Thread" daemon [_thread_blocked, id=16428, stack(0x000000eb95800000,0x000000eb95900000)]
  0x000002ca5632db00 JavaThread "Daemon health stats" [_thread_blocked, id=8508, stack(0x000000eb95b00000,0x000000eb95c00000)]
  0x000002ca7fc03570 JavaThread "Incoming local TCP Connector on port 57714" [_thread_in_native, id=9916, stack(0x000000eb96000000,0x000000eb96100000)]
  0x000002ca7fade370 JavaThread "Daemon periodic checks" [_thread_blocked, id=15976, stack(0x000000eb96100000,0x000000eb96200000)]
  0x000002ca573a1440 JavaThread "Daemon" [_thread_blocked, id=10160, stack(0x000000eb96200000,0x000000eb96300000)]
  0x000002ca573a7970 JavaThread "Handler for socket connection from /127.0.0.1:57714 to /127.0.0.1:57715" [_thread_in_native, id=18192, stack(0x000000eb96300000,0x000000eb96400000)]
  0x000002ca572b1f40 JavaThread "Cancel handler" [_thread_blocked, id=20260, stack(0x000000eb96400000,0x000000eb96500000)]
  0x000002ca572b2960 JavaThread "Daemon worker" [_thread_blocked, id=15740, stack(0x000000eb96500000,0x000000eb96600000)]
  0x000002ca572b3380 JavaThread "Asynchronous log dispatcher for DefaultDaemonConnection: socket connection from /127.0.0.1:57714 to /127.0.0.1:57715" [_thread_blocked, id=12140, stack(0x000000eb96600000,0x000000eb96700000)]
  0x000002ca572b1010 JavaThread "Stdin handler" [_thread_blocked, id=6884, stack(0x000000eb96700000,0x000000eb96800000)]
  0x000002ca572b2450 JavaThread "Daemon client event forwarder" [_thread_blocked, id=19440, stack(0x000000eb96800000,0x000000eb96900000)]
  0x000002ca572b1520 JavaThread "Cache worker for journal cache (C:\Users\Cristofer\.gradle\caches\journal-1)" [_thread_blocked, id=3636, stack(0x000000eb96900000,0x000000eb96a00000)]
  0x000002ca572b3890 JavaThread "File lock request listener" [_thread_in_native, id=10236, stack(0x000000eb96a00000,0x000000eb96b00000)]
  0x000002ca572b2e70 JavaThread "Cache worker for file hash cache (C:\Users\Cristofer\.gradle\caches\8.13\fileHashes)" [_thread_blocked, id=13212, stack(0x000000eb96b00000,0x000000eb96c00000)]
  0x000002ca572b3da0 JavaThread "Cache worker for file hash cache (C:\Users\Cristofer\Documents\Cristofer\Aplicaciones Moviles\Trabajo\movil-hello-android\.gradle\8.13\fileHashes)" [_thread_blocked, id=12884, stack(0x000000eb96c00000,0x000000eb96d00000)]
  0x000002ca572b42b0 JavaThread "Cache worker for Build Output Cleanup Cache (C:\Users\Cristofer\Documents\Cristofer\Aplicaciones Moviles\Trabajo\movil-hello-android\.gradle\buildOutputCleanup)" [_thread_blocked, id=1720, stack(0x000000eb96d00000,0x000000eb96e00000)]
  0x000002ca572b47c0 JavaThread "File watcher server" daemon [_thread_in_native, id=4992, stack(0x000000eb97600000,0x000000eb97700000)]
  0x000002ca57b957a0 JavaThread "File watcher consumer" daemon [_thread_blocked, id=4720, stack(0x000000eb97700000,0x000000eb97800000)]
  0x000002ca57b966d0 JavaThread "Cache worker for checksums cache (C:\Users\Cristofer\Documents\Cristofer\Aplicaciones Moviles\Trabajo\movil-hello-android\.gradle\8.13\checksums)" [_thread_blocked, id=8000, stack(0x000000eb97800000,0x000000eb97900000)]
  0x000002ca57b96be0 JavaThread "Cache worker for file content cache (C:\Users\Cristofer\.gradle\caches\8.13\fileContent)" [_thread_blocked, id=4780, stack(0x000000eb97900000,0x000000eb97a00000)]
  0x000002ca57b97600 JavaThread "Cache worker for cache directory md-supplier (C:\Users\Cristofer\.gradle\caches\8.13\md-supplier)" [_thread_blocked, id=6292, stack(0x000000eb97a00000,0x000000eb97b00000)]
  0x000002ca57b94d80 JavaThread "Cache worker for cache directory md-rule (C:\Users\Cristofer\.gradle\caches\8.13\md-rule)" [_thread_blocked, id=18400, stack(0x000000eb97b00000,0x000000eb97c00000)]
  0x000002ca57b970f0 JavaThread "Unconstrained build operations" [_thread_blocked, id=9784, stack(0x000000eb97c00000,0x000000eb97d00000)]
  0x000002ca57b97b10 JavaThread "Unconstrained build operations Thread 2" [_thread_blocked, id=16844, stack(0x000000eb97d00000,0x000000eb97e00000)]
  0x000002ca57b98020 JavaThread "Unconstrained build operations Thread 3" [_thread_blocked, id=8328, stack(0x000000eb97e00000,0x000000eb97f00000)]
  0x000002ca57b98530 JavaThread "Unconstrained build operations Thread 4" [_thread_blocked, id=12128, stack(0x000000eb97f00000,0x000000eb98000000)]
  0x000002ca57b95cb0 JavaThread "Unconstrained build operations Thread 5" [_thread_blocked, id=6320, stack(0x000000eb98000000,0x000000eb98100000)]
  0x000002ca57b98a40 JavaThread "Unconstrained build operations Thread 6" [_thread_blocked, id=19524, stack(0x000000eb98100000,0x000000eb98200000)]
  0x000002ca57b98f50 JavaThread "Unconstrained build operations Thread 7" [_thread_blocked, id=15724, stack(0x000000eb98200000,0x000000eb98300000)]
  0x000002ca57b961c0 JavaThread "Unconstrained build operations Thread 8" [_thread_blocked, id=15272, stack(0x000000eb98300000,0x000000eb98400000)]
  0x000002ca57b99e80 JavaThread "Unconstrained build operations Thread 9" [_thread_blocked, id=18304, stack(0x000000eb98400000,0x000000eb98500000)]
  0x000002ca57b99460 JavaThread "Unconstrained build operations Thread 10" [_thread_blocked, id=20340, stack(0x000000eb98500000,0x000000eb98600000)]
  0x000002ca57b99970 JavaThread "Unconstrained build operations Thread 11" [_thread_blocked, id=12460, stack(0x000000eb98600000,0x000000eb98700000)]
  0x000002ca57b9a390 JavaThread "Unconstrained build operations Thread 12" [_thread_blocked, id=13864, stack(0x000000eb98700000,0x000000eb98800000)]
  0x000002ca57b9a8a0 JavaThread "Unconstrained build operations Thread 13" [_thread_blocked, id=13428, stack(0x000000eb98a00000,0x000000eb98b00000)]
  0x000002ca57b9adb0 JavaThread "Unconstrained build operations Thread 14" [_thread_blocked, id=2748, stack(0x000000eb98b00000,0x000000eb98c00000)]
  0x000002ca57b9c700 JavaThread "Unconstrained build operations Thread 15" [_thread_blocked, id=15648, stack(0x000000eb98c00000,0x000000eb98d00000)]
  0x000002ca57b9b2c0 JavaThread "Unconstrained build operations Thread 16" [_thread_blocked, id=3744, stack(0x000000eb98d00000,0x000000eb98e00000)]
  0x000002ca57b9b7d0 JavaThread "Unconstrained build operations Thread 17" [_thread_blocked, id=9424, stack(0x000000eb98e00000,0x000000eb98f00000)]
  0x000002ca57b9bce0 JavaThread "Unconstrained build operations Thread 18" [_thread_blocked, id=19324, stack(0x000000eb98f00000,0x000000eb99000000)]
  0x000002ca57b9c1f0 JavaThread "Unconstrained build operations Thread 19" [_thread_blocked, id=4220, stack(0x000000eb99000000,0x000000eb99100000)]
  0x000002ca5b2c1bf0 JavaThread "Unconstrained build operations Thread 20" [_thread_blocked, id=15852, stack(0x000000eb99100000,0x000000eb99200000)]
  0x000002ca5b2bfd90 JavaThread "Unconstrained build operations Thread 21" [_thread_blocked, id=12676, stack(0x000000eb99200000,0x000000eb99300000)]
  0x000002ca5b2c0cc0 JavaThread "Unconstrained build operations Thread 22" [_thread_blocked, id=10220, stack(0x000000eb99300000,0x000000eb99400000)]
  0x000002ca5b2bee60 JavaThread "Unconstrained build operations Thread 23" [_thread_blocked, id=880, stack(0x000000eb99400000,0x000000eb99500000)]
  0x000002ca5b2c16e0 JavaThread "Unconstrained build operations Thread 24" [_thread_blocked, id=14280, stack(0x000000eb99500000,0x000000eb99600000)]
  0x000002ca5b2bf880 JavaThread "Unconstrained build operations Thread 25" [_thread_blocked, id=15148, stack(0x000000eb99600000,0x000000eb99700000)]
  0x000002ca5b2c2100 JavaThread "Unconstrained build operations Thread 26" [_thread_blocked, id=20352, stack(0x000000eb99700000,0x000000eb99800000)]
  0x000002ca5b2c2610 JavaThread "Unconstrained build operations Thread 27" [_thread_blocked, id=4424, stack(0x000000eb99800000,0x000000eb99900000)]
  0x000002ca5b2c3030 JavaThread "Unconstrained build operations Thread 28" [_thread_blocked, id=12544, stack(0x000000eb99900000,0x000000eb99a00000)]
  0x000002ca5b2c3a50 JavaThread "Unconstrained build operations Thread 29" [_thread_blocked, id=17236, stack(0x000000eb99a00000,0x000000eb99b00000)]
  0x000002ca5b2c2b20 JavaThread "Unconstrained build operations Thread 30" [_thread_blocked, id=5104, stack(0x000000eb99b00000,0x000000eb99c00000)]
  0x000002ca5b2c3540 JavaThread "Unconstrained build operations Thread 31" [_thread_blocked, id=9152, stack(0x000000eb99c00000,0x000000eb99d00000)]
  0x000002ca5b2c02a0 JavaThread "Unconstrained build operations Thread 32" [_thread_blocked, id=13136, stack(0x000000eb99d00000,0x000000eb99e00000)]
  0x000002ca5b2c07b0 JavaThread "Unconstrained build operations Thread 33" [_thread_blocked, id=2880, stack(0x000000eb99e00000,0x000000eb99f00000)]
  0x000002ca5b2c4980 JavaThread "Unconstrained build operations Thread 34" [_thread_blocked, id=20268, stack(0x000000eb99f00000,0x000000eb9a000000)]
  0x000002ca5b2c5dc0 JavaThread "Unconstrained build operations Thread 35" [_thread_blocked, id=12088, stack(0x000000eb9a000000,0x000000eb9a100000)]
  0x000002ca5b2c3f60 JavaThread "Unconstrained build operations Thread 36" [_thread_blocked, id=12276, stack(0x000000eb9a100000,0x000000eb9a200000)]
  0x000002ca5b2c4470 JavaThread "Unconstrained build operations Thread 37" [_thread_blocked, id=13584, stack(0x000000eb9a200000,0x000000eb9a300000)]
  0x000002ca5b2c4e90 JavaThread "Unconstrained build operations Thread 38" [_thread_blocked, id=15784, stack(0x000000eb9a300000,0x000000eb9a400000)]
  0x000002ca5b2c53a0 JavaThread "Unconstrained build operations Thread 39" [_thread_blocked, id=15220, stack(0x000000eb9a400000,0x000000eb9a500000)]
  0x000002ca5b2c58b0 JavaThread "Unconstrained build operations Thread 40" [_thread_blocked, id=17404, stack(0x000000eb9a500000,0x000000eb9a600000)]
  0x000002ca5b2c62d0 JavaThread "Unconstrained build operations Thread 41" [_thread_blocked, id=8976, stack(0x000000eb9a600000,0x000000eb9a700000)]
  0x000002ca5b2c67e0 JavaThread "Unconstrained build operations Thread 42" [_thread_blocked, id=7988, stack(0x000000eb9a700000,0x000000eb9a800000)]
  0x000002ca58bb40a0 JavaThread "Unconstrained build operations Thread 43" [_thread_blocked, id=11108, stack(0x000000eb9a800000,0x000000eb9a900000)]
  0x000002ca58bb59f0 JavaThread "Unconstrained build operations Thread 44" [_thread_blocked, id=10076, stack(0x000000eb9a900000,0x000000eb9aa00000)]
  0x000002ca58bb5f00 JavaThread "Unconstrained build operations Thread 45" [_thread_blocked, id=17584, stack(0x000000eb9aa00000,0x000000eb9ab00000)]
  0x000002ca58bb6410 JavaThread "Unconstrained build operations Thread 46" [_thread_blocked, id=11680, stack(0x000000eb9ab00000,0x000000eb9ac00000)]
  0x000002ca58bb6920 JavaThread "Unconstrained build operations Thread 47" [_thread_blocked, id=14968, stack(0x000000eb9ac00000,0x000000eb9ad00000)]
  0x000002ca58bb6e30 JavaThread "Unconstrained build operations Thread 48" [_thread_blocked, id=5584, stack(0x000000eb9ad00000,0x000000eb9ae00000)]
  0x000002ca58bb54e0 JavaThread "Unconstrained build operations Thread 49" [_thread_blocked, id=8340, stack(0x000000eb9ae00000,0x000000eb9af00000)]
  0x000002ca58bb7340 JavaThread "Unconstrained build operations Thread 50" [_thread_blocked, id=11436, stack(0x000000eb9af00000,0x000000eb9b000000)]
  0x000002ca58bb3b90 JavaThread "Unconstrained build operations Thread 51" [_thread_blocked, id=20432, stack(0x000000eb9b000000,0x000000eb9b100000)]
  0x000002ca58bb4fd0 JavaThread "Unconstrained build operations Thread 52" [_thread_blocked, id=17564, stack(0x000000eb9b100000,0x000000eb9b200000)]
  0x000002ca58bb7850 JavaThread "Unconstrained build operations Thread 53" [_thread_blocked, id=8444, stack(0x000000eb9b200000,0x000000eb9b300000)]
  0x000002ca58bb7d60 JavaThread "Unconstrained build operations Thread 54" [_thread_blocked, id=9092, stack(0x000000eb9b300000,0x000000eb9b400000)]
  0x000002ca58bb45b0 JavaThread "Unconstrained build operations Thread 55" [_thread_blocked, id=20104, stack(0x000000eb9b400000,0x000000eb9b500000)]
  0x000002ca58bb8270 JavaThread "Unconstrained build operations Thread 56" [_thread_blocked, id=13484, stack(0x000000eb9b500000,0x000000eb9b600000)]
  0x000002ca58bb4ac0 JavaThread "Unconstrained build operations Thread 57" [_thread_blocked, id=19400, stack(0x000000eb9b600000,0x000000eb9b700000)]
  0x000002ca58bbb000 JavaThread "Unconstrained build operations Thread 58" [_thread_blocked, id=12228, stack(0x000000eb9b700000,0x000000eb9b800000)]
  0x000002ca58bbb510 JavaThread "Unconstrained build operations Thread 59" [_thread_blocked, id=16096, stack(0x000000eb9b800000,0x000000eb9b900000)]
  0x000002ca58bb8780 JavaThread "Unconstrained build operations Thread 60" [_thread_blocked, id=6472, stack(0x000000eb9b900000,0x000000eb9ba00000)]
  0x000002ca58bb8c90 JavaThread "Unconstrained build operations Thread 61" [_thread_blocked, id=5636, stack(0x000000eb9ba00000,0x000000eb9bb00000)]
  0x000002ca58bb91a0 JavaThread "Unconstrained build operations Thread 62" [_thread_blocked, id=16012, stack(0x000000eb9bb00000,0x000000eb9bc00000)]
  0x000002ca58bb96b0 JavaThread "Unconstrained build operations Thread 63" [_thread_blocked, id=11872, stack(0x000000eb9bc00000,0x000000eb9bd00000)]
  0x000002ca58bb9bc0 JavaThread "Unconstrained build operations Thread 64" [_thread_blocked, id=5548, stack(0x000000eb9bd00000,0x000000eb9be00000)]
  0x000002ca58bba0d0 JavaThread "Unconstrained build operations Thread 65" [_thread_blocked, id=11492, stack(0x000000eb9be00000,0x000000eb9bf00000)]
  0x000002ca58bba5e0 JavaThread "Unconstrained build operations Thread 66" [_thread_blocked, id=16800, stack(0x000000eb9bf00000,0x000000eb9c000000)]
  0x000002ca58bbaaf0 JavaThread "Memory manager" [_thread_blocked, id=2552, stack(0x000000eb9c000000,0x000000eb9c100000)]
  0x000002ca5b3fef80 JavaThread "build event listener" [_thread_blocked, id=17260, stack(0x000000eb9c100000,0x000000eb9c200000)]
  0x000002ca5b403b70 JavaThread "Problems report writer" [_thread_blocked, id=3260, stack(0x000000eb9c200000,0x000000eb9c300000)]
  0x000002ca5b4054c0 JavaThread "included builds" [_thread_in_vm, id=3792, stack(0x000000eb9c300000,0x000000eb9c400000)]
  0x000002ca5b401d10 JavaThread "Execution worker" [_thread_blocked, id=7592, stack(0x000000eb9c400000,0x000000eb9c500000)]
  0x000002ca5b4059d0 JavaThread "Execution worker Thread 2" [_thread_blocked, id=6440, stack(0x000000eb9c500000,0x000000eb9c600000)]
  0x000002ca629662c0 JavaThread "Execution worker Thread 3" [_thread_blocked, id=19428, stack(0x000000eb9c600000,0x000000eb9c700000)]
  0x000002ca62963a40 JavaThread "Execution worker Thread 4" [_thread_blocked, id=1848, stack(0x000000eb9c700000,0x000000eb9c800000)]
  0x000002ca62967700 JavaThread "Execution worker Thread 5" [_thread_blocked, id=7136, stack(0x000000eb9c800000,0x000000eb9c900000)]
  0x000002ca62964970 JavaThread "Execution worker Thread 6" [_thread_blocked, id=7052, stack(0x000000eb9c900000,0x000000eb9ca00000)]
  0x000002ca62965390 JavaThread "Execution worker Thread 7" [_thread_blocked, id=13464, stack(0x000000eb9ca00000,0x000000eb9cb00000)]
  0x000002ca62966ce0 JavaThread "Execution worker Thread 8" [_thread_blocked, id=8592, stack(0x000000eb9cb00000,0x000000eb9cc00000)]
  0x000002ca62963f50 JavaThread "Execution worker Thread 9" [_thread_blocked, id=4776, stack(0x000000eb9cc00000,0x000000eb9cd00000)]
  0x000002ca629667d0 JavaThread "Execution worker Thread 10" [_thread_blocked, id=17708, stack(0x000000eb9cd00000,0x000000eb9ce00000)]
  0x000002ca62967c10 JavaThread "Execution worker Thread 11" [_thread_blocked, id=3920, stack(0x000000eb9ce00000,0x000000eb9cf00000)]
  0x000002ca62964e80 JavaThread "Cache worker for execution history cache (C:\Users\Cristofer\Documents\Cristofer\Aplicaciones Moviles\Trabajo\movil-hello-android\.gradle\8.13\executionHistory)" [_thread_blocked, id=8704, stack(0x000000eb9cf00000,0x000000eb9d000000)]
  0x000002ca629671f0 JavaThread "Unconstrained build operations Thread 67" [_thread_blocked, id=18708, stack(0x000000eb9d000000,0x000000eb9d100000)]
  0x000002ca62964460 JavaThread "Unconstrained build operations Thread 68" [_thread_blocked, id=8836, stack(0x000000eb9d100000,0x000000eb9d200000)]
  0x000002ca62968b40 JavaThread "Unconstrained build operations Thread 69" [_thread_blocked, id=20080, stack(0x000000eb9d200000,0x000000eb9d300000)]
  0x000002ca62968630 JavaThread "Unconstrained build operations Thread 70" [_thread_blocked, id=18840, stack(0x000000eb9d300000,0x000000eb9d400000)]
  0x000002ca62968120 JavaThread "Unconstrained build operations Thread 71" [_thread_blocked, id=1564, stack(0x000000eb9d400000,0x000000eb9d500000)]
  0x000002ca62969050 JavaThread "Unconstrained build operations Thread 72" [_thread_blocked, id=18384, stack(0x000000eb9d500000,0x000000eb9d600000)]
  0x000002ca629658a0 JavaThread "Unconstrained build operations Thread 73" [_thread_blocked, id=1320, stack(0x000000eb9d600000,0x000000eb9d700000)]
  0x000002ca62965db0 JavaThread "Unconstrained build operations Thread 74" [_thread_blocked, id=4760, stack(0x000000eb9d700000,0x000000eb9d800000)]
  0x000002ca62969560 JavaThread "Unconstrained build operations Thread 75" [_thread_blocked, id=1716, stack(0x000000eb9d800000,0x000000eb9d900000)]
  0x000002ca62969a70 JavaThread "Unconstrained build operations Thread 76" [_thread_blocked, id=19316, stack(0x000000eb9d900000,0x000000eb9da00000)]
  0x000002ca6296a9a0 JavaThread "Unconstrained build operations Thread 77" [_thread_blocked, id=13172, stack(0x000000eb9da00000,0x000000eb9db00000)]
  0x000002ca6296a490 JavaThread "Unconstrained build operations Thread 78" [_thread_blocked, id=20348, stack(0x000000eb9db00000,0x000000eb9dc00000)]
  0x000002ca6296aeb0 JavaThread "Unconstrained build operations Thread 79" [_thread_blocked, id=19896, stack(0x000000eb9dc00000,0x000000eb9dd00000)]
  0x000002ca6296b3c0 JavaThread "Unconstrained build operations Thread 80" [_thread_blocked, id=19088, stack(0x000000eb9dd00000,0x000000eb9de00000)]
  0x000002ca5b3ff490 JavaThread "Unconstrained build operations Thread 81" [_thread_blocked, id=1828, stack(0x000000eb9de00000,0x000000eb9df00000)]
  0x000002ca5af0fa90 JavaThread "Unconstrained build operations Thread 82" [_thread_blocked, id=6864, stack(0x000000eb9df00000,0x000000eb9e000000)]
  0x000002ca5af109c0 JavaThread "Unconstrained build operations Thread 83" [_thread_blocked, id=2804, stack(0x000000eb9e000000,0x000000eb9e100000)]
  0x000002ca5af0e140 JavaThread "Unconstrained build operations Thread 84" [_thread_blocked, id=16304, stack(0x000000eb9e100000,0x000000eb9e200000)]
  0x000002ca5af104b0 JavaThread "Unconstrained build operations Thread 85" [_thread_blocked, id=6064, stack(0x000000eb9e200000,0x000000eb9e300000)]
  0x000002ca5af10ed0 JavaThread "Unconstrained build operations Thread 86" [_thread_blocked, id=2836, stack(0x000000eb9e300000,0x000000eb9e400000)]
  0x000002ca5af0ffa0 JavaThread "Unconstrained build operations Thread 87" [_thread_blocked, id=18344, stack(0x000000eb9e400000,0x000000eb9e500000)]
  0x000002ca5af113e0 JavaThread "Unconstrained build operations Thread 88" [_thread_blocked, id=8476, stack(0x000000eb9e500000,0x000000eb9e600000)]
  0x000002ca5af118f0 JavaThread "Unconstrained build operations Thread 89" [_thread_blocked, id=15712, stack(0x000000eb9e600000,0x000000eb9e700000)]
  0x000002ca5af0e650 JavaThread "Unconstrained build operations Thread 90" [_thread_blocked, id=19984, stack(0x000000eb9e700000,0x000000eb9e800000)]
  0x000002ca5af0eb60 JavaThread "Unconstrained build operations Thread 91" [_thread_blocked, id=4752, stack(0x000000eb9e800000,0x000000eb9e900000)]
  0x000002ca5af0f580 JavaThread "Unconstrained build operations Thread 92" [_thread_blocked, id=10136, stack(0x000000eb9e900000,0x000000eb9ea00000)]
  0x000002ca5af0f070 JavaThread "Unconstrained build operations Thread 93" [_thread_blocked, id=5772, stack(0x000000eb9ea00000,0x000000eb9eb00000)]
  0x000002ca584c1b70 JavaThread "Unconstrained build operations Thread 94" [_thread_blocked, id=14224, stack(0x000000eb9eb00000,0x000000eb9ec00000)]
  0x000002ca584bf800 JavaThread "Unconstrained build operations Thread 95" [_thread_blocked, id=15012, stack(0x000000eb9ec00000,0x000000eb9ed00000)]
  0x000002ca584be8d0 JavaThread "Unconstrained build operations Thread 96" [_thread_blocked, id=4628, stack(0x000000eb9ed00000,0x000000eb9ee00000)]
  0x000002ca584bede0 JavaThread "Unconstrained build operations Thread 97" [_thread_blocked, id=7620, stack(0x000000eb9ee00000,0x000000eb9ef00000)]
  0x000002ca584bf2f0 JavaThread "Unconstrained build operations Thread 98" [_thread_blocked, id=4360, stack(0x000000eb9ef00000,0x000000eb9f000000)]
  0x000002ca584c0730 JavaThread "Unconstrained build operations Thread 99" [_thread_blocked, id=16828, stack(0x000000eb9f000000,0x000000eb9f100000)]
  0x000002ca584c0220 JavaThread "Unconstrained build operations Thread 100" [_thread_blocked, id=18880, stack(0x000000eb9f100000,0x000000eb9f200000)]
  0x000002ca584c0c40 JavaThread "Unconstrained build operations Thread 101" [_thread_blocked, id=11304, stack(0x000000eb9f200000,0x000000eb9f300000)]
  0x000002ca584c1150 JavaThread "Unconstrained build operations Thread 102" [_thread_blocked, id=2668, stack(0x000000eb9f300000,0x000000eb9f400000)]
  0x000002ca584c1660 JavaThread "Unconstrained build operations Thread 103" [_thread_blocked, id=14024, stack(0x000000eb9f400000,0x000000eb9f500000)]
  0x000002ca584bfd10 JavaThread "Unconstrained build operations Thread 104" [_thread_blocked, id=2452, stack(0x000000eb9f500000,0x000000eb9f600000)]
  0x000002ca58e54140 JavaThread "Unconstrained build operations Thread 105" [_thread_blocked, id=18060, stack(0x000000eb9f600000,0x000000eb9f700000)]
  0x000002ca58e55070 JavaThread "Unconstrained build operations Thread 106" [_thread_blocked, id=5904, stack(0x000000eb9f700000,0x000000eb9f800000)]
  0x000002ca58e55580 JavaThread "Unconstrained build operations Thread 107" [_thread_blocked, id=2960, stack(0x000000eb9f800000,0x000000eb9f900000)]
  0x000002ca58e55fa0 JavaThread "Unconstrained build operations Thread 108" [_thread_blocked, id=11320, stack(0x000000eb9f900000,0x000000eb9fa00000)]
  0x000002ca58e54650 JavaThread "Unconstrained build operations Thread 109" [_thread_blocked, id=1428, stack(0x000000eb9fa00000,0x000000eb9fb00000)]
  0x000002ca58e53c30 JavaThread "Unconstrained build operations Thread 110" [_thread_blocked, id=12912, stack(0x000000eb9fb00000,0x000000eb9fc00000)]
  0x000002ca58e55a90 JavaThread "Unconstrained build operations Thread 111" [_thread_blocked, id=14400, stack(0x000000eb9fc00000,0x000000eb9fd00000)]
  0x000002ca58e569c0 JavaThread "Unconstrained build operations Thread 112" [_thread_blocked, id=18712, stack(0x000000eb9fd00000,0x000000eb9fe00000)]
  0x000002ca58e54b60 JavaThread "Unconstrained build operations Thread 113" [_thread_blocked, id=18776, stack(0x000000eb9fe00000,0x000000eb9ff00000)]
  0x000002ca58e53210 JavaThread "Unconstrained build operations Thread 114" [_thread_blocked, id=18596, stack(0x000000eb9ff00000,0x000000eba0000000)]
  0x000002ca58e53720 JavaThread "Unconstrained build operations Thread 115" [_thread_blocked, id=10360, stack(0x000000eba0000000,0x000000eba0100000)]
  0x000002ca58e564b0 JavaThread "Unconstrained build operations Thread 116" [_thread_blocked, id=14064, stack(0x000000eba0100000,0x000000eba0200000)]
  0x000002ca584c2080 JavaThread "Unconstrained build operations Thread 117" [_thread_blocked, id=2636, stack(0x000000eba0200000,0x000000eba0300000)]
  0x000002ca5beabdc0 JavaThread "Unconstrained build operations Thread 118" [_thread_blocked, id=11332, stack(0x000000eba0300000,0x000000eba0400000)]
  0x000002ca5beaae90 JavaThread "Unconstrained build operations Thread 119" [_thread_blocked, id=16208, stack(0x000000eba0400000,0x000000eba0500000)]
  0x000002ca5beae130 JavaThread "Unconstrained build operations Thread 120" [_thread_blocked, id=13560, stack(0x000000eba0500000,0x000000eba0600000)]
  0x000002ca5beaa980 JavaThread "WorkerExecutor Queue" [_thread_blocked, id=15372, stack(0x000000eba0600000,0x000000eba0700000)]
  0x000002ca5beadc20 JavaThread "RMI Scheduler(0)" daemon [_thread_blocked, id=8176, stack(0x000000eba0700000,0x000000eba0800000)]
  0x000002ca5beae640 JavaThread "RMI GC Daemon" daemon [_thread_blocked, id=3332, stack(0x000000eba0900000,0x000000eba0a00000)]
  0x000002ca5beac2d0 JavaThread "RMI TCP Accept-0" daemon [_thread_in_native, id=20148, stack(0x000000eba0a00000,0x000000eba0b00000)]
  0x000002ca5beab8b0 JavaThread "RMI Reaper" [_thread_blocked, id=3388, stack(0x000000eba0b00000,0x000000eba0c00000)]
  0x000002ca5beaf570 JavaThread "RMI TCP Connection(6)-127.0.0.1" daemon [_thread_in_native, id=7464, stack(0x000000eba0c00000,0x000000eba0d00000)]
  0x000002ca5beaff90 JavaThread "WorkerExecutor Queue Thread 2" [_thread_in_Java, id=8068, stack(0x000000eba0d00000,0x000000eba0e00000)]
  0x000002ca5beb18e0 JavaThread "RMI TCP Connection(5)-127.0.0.1" daemon [_thread_in_native, id=2364, stack(0x000000eba0f00000,0x000000eba1000000)]
  0x000002ca5beb2300 JavaThread "RMI TCP Connection(3)-127.0.0.1" daemon [_thread_in_native, id=19888, stack(0x000000eba1200000,0x000000eba1300000)]
  0x000002ca5beb0ec0 JavaThread "WorkerExecutor Queue Thread 4" [_thread_blocked, id=20332, stack(0x000000eb95a00000,0x000000eb95b00000)]
  0x000002ca5b2bf370 JavaThread "RMI TCP Connection(4)-127.0.0.1" daemon [_thread_in_native, id=14932, stack(0x000000eba1300000,0x000000eba1400000)]
  0x000002ca7f50bd50 JavaThread "Cache worker for Java compile cache (C:\Users\Cristofer\.gradle\caches\8.13\javaCompile)" [_thread_blocked, id=6872, stack(0x000000eba1600000,0x000000eba1700000)]
  0x000002ca7f50b840 JavaThread "Build operations" [_thread_blocked, id=14732, stack(0x000000eba1500000,0x000000eba1600000)]
  0x000002ca7f5094d0 JavaThread "Build operations Thread 2" [_thread_blocked, id=15716, stack(0x000000eba1700000,0x000000eba1800000)]
  0x000002ca7f50c260 JavaThread "Build operations Thread 3" [_thread_blocked, id=2444, stack(0x000000eba1800000,0x000000eba1900000)]
  0x000002ca7f50ae20 JavaThread "Build operations Thread 4" [_thread_blocked, id=3664, stack(0x000000eba1900000,0x000000eba1a00000)]
  0x000002ca7f508ab0 JavaThread "Build operations Thread 5" [_thread_blocked, id=12456, stack(0x000000eba1a00000,0x000000eba1b00000)]
  0x000002ca7f50c770 JavaThread "Build operations Thread 6" [_thread_blocked, id=15144, stack(0x000000eba1b00000,0x000000eba1c00000)]
  0x000002ca7f50a400 JavaThread "Build operations Thread 7" [_thread_blocked, id=7436, stack(0x000000eba1c00000,0x000000eba1d00000)]
  0x000002ca7f50a910 JavaThread "Build operations Thread 8" [_thread_blocked, id=12436, stack(0x000000eba1d00000,0x000000eba1e00000)]
  0x000002ca7f508fc0 JavaThread "Build operations Thread 9" [_thread_blocked, id=2000, stack(0x000000eba1e00000,0x000000eba1f00000)]
  0x000002ca7f50b330 JavaThread "Build operations Thread 10" [_thread_blocked, id=18976, stack(0x000000eba1f00000,0x000000eba2000000)]
  0x000002ca7f50cc80 JavaThread "Build operations Thread 11" [_thread_blocked, id=16676, stack(0x000000eba2000000,0x000000eba2100000)]
  0x000002ca7f5099e0 JavaThread "WorkerExecutor Queue Thread 5" [_thread_blocked, id=19072, stack(0x000000eba1400000,0x000000eba1500000)]
  0x000002ca7f50d6a0 JavaThread "WorkerExecutor Queue Thread 6" [_thread_blocked, id=18196, stack(0x000000eba2100000,0x000000eba2200000)]
  0x000002ca7f50e5d0 JavaThread "WorkerExecutor Queue Thread 7" [_thread_blocked, id=11856, stack(0x000000eba2200000,0x000000eba2300000)]
  0x000002ca7f50ff20 JavaThread "WorkerExecutor Queue Thread 8" [_thread_blocked, id=19148, stack(0x000000eba2300000,0x000000eba2400000)]
  0x000002ca7f50dbb0 JavaThread "WorkerExecutor Queue Thread 9" [_thread_blocked, id=3128, stack(0x000000eba2400000,0x000000eba2500000)]
  0x000002ca7f50eff0 JavaThread "WorkerExecutor Queue Thread 10" [_thread_blocked, id=13776, stack(0x000000eba2600000,0x000000eba2700000)]
  0x000002ca7f50e0c0 JavaThread "WorkerExecutor Queue Thread 11" [_thread_blocked, id=13260, stack(0x000000eba2700000,0x000000eba2800000)]
  0x000002ca7f50eae0 JavaThread "WorkerExecutor Queue Thread 12" [_thread_blocked, id=14764, stack(0x000000eba2800000,0x000000eba2900000)]
  0x000002ca5cfcfb40 JavaThread "C2 CompilerThread1" daemon [_thread_in_native, id=15140, stack(0x000000eba2500000,0x000000eba2600000)]
=>0x000002ca5cfcc0d0 JavaThread "C2 CompilerThread2" daemon [_thread_in_native, id=19768, stack(0x000000eba2900000,0x000000eba2a00000)]
  0x000002ca7f50f500 JavaThread "Build operations Thread 12" [_thread_blocked, id=10896, stack(0x000000eba2a00000,0x000000eba2b00000)]
  0x000002ca7f50fa10 JavaThread "WorkerExecutor Queue Thread 13" [_thread_in_native, id=7840, stack(0x000000eb96e00000,0x000000eb96f00000)]
  0x000002ca5beb1df0 JavaThread "ForkJoinPool-1-worker-1" daemon [_thread_blocked, id=12876, stack(0x000000eba0800000,0x000000eba0900000)]
  0x000002ca5beaeb50 JavaThread "ForkJoinPool-1-worker-2" daemon [_thread_blocked, id=11184, stack(0x000000eba0e00000,0x000000eba0f00000)]
  0x000002ca5b2c11d0 JavaThread "ForkJoinPool-1-worker-3" daemon [_thread_blocked, id=4396, stack(0x000000eba1100000,0x000000eba1200000)]
  0x000002ca622b36a0 JavaThread "ForkJoinPool-1-worker-4" daemon [_thread_blocked, id=14492, stack(0x000000eba2b00000,0x000000eba2c00000)]
  0x000002ca622b0e20 JavaThread "ForkJoinPool-1-worker-5" daemon [_thread_blocked, id=10568, stack(0x000000eba2c00000,0x000000eba2d00000)]
  0x000002ca622b2770 JavaThread "ForkJoinPool-1-worker-6" daemon [_thread_blocked, id=19968, stack(0x000000eba2d00000,0x000000eba2e00000)]
  0x000002ca622b0400 JavaThread "ForkJoinPool-1-worker-7" daemon [_thread_blocked, id=8624, stack(0x000000eba2e00000,0x000000eba2f00000)]
  0x000002ca622b3190 JavaThread "ForkJoinPool-1-worker-8" daemon [_thread_blocked, id=19220, stack(0x000000eba2f00000,0x000000eba3000000)]
  0x000002ca622b2260 JavaThread "ForkJoinPool-1-worker-9" daemon [_thread_blocked, id=11520, stack(0x000000eba3000000,0x000000eba3100000)]
  0x000002ca622b1840 JavaThread "ForkJoinPool-1-worker-10" daemon [_thread_blocked, id=13580, stack(0x000000eba3100000,0x000000eba3200000)]
  0x000002ca622b3bb0 JavaThread "ForkJoinPool-1-worker-11" daemon [_thread_blocked, id=8972, stack(0x000000eba3200000,0x000000eba3300000)]
  0x000002ca622b1330 JavaThread "ForkJoinPool-1-worker-12" daemon [_thread_blocked, id=8440, stack(0x000000eba3300000,0x000000eba3400000)]
  0x000002ca622b4ae0 JavaThread "ForkJoinPool.commonPool-worker-1" daemon [_thread_blocked, id=19620, stack(0x000000eba3b00000,0x000000eba3c00000)]
  0x000002ca622b1d50 JavaThread "ForkJoinPool.commonPool-worker-2" daemon [_thread_blocked, id=16280, stack(0x000000eba3c00000,0x000000eba3d00000)]
  0x000002ca622b45d0 JavaThread "ForkJoinPool.commonPool-worker-3" daemon [_thread_blocked, id=14152, stack(0x000000eba3d00000,0x000000eba3e00000)]
  0x000002ca622b4ff0 JavaThread "ForkJoinPool.commonPool-worker-4" daemon [_thread_blocked, id=8424, stack(0x000000eba3e00000,0x000000eba3f00000)]
  0x000002ca622b5500 JavaThread "ForkJoinPool.commonPool-worker-5" daemon [_thread_blocked, id=320, stack(0x000000eba3f00000,0x000000eba4000000)]
  0x000002ca622b5a10 JavaThread "ForkJoinPool.commonPool-worker-6" daemon [_thread_blocked, id=11508, stack(0x000000eba4000000,0x000000eba4100000)]
  0x000002ca622b5f20 JavaThread "ForkJoinPool.commonPool-worker-7" daemon [_thread_blocked, id=15696, stack(0x000000eba4100000,0x000000eba4200000)]
  0x000002ca622b6430 JavaThread "ForkJoinPool.commonPool-worker-8" daemon [_thread_blocked, id=14752, stack(0x000000eba4200000,0x000000eba4300000)]
  0x000002ca622b2c80 JavaThread "ForkJoinPool.commonPool-worker-9" daemon [_thread_blocked, id=11824, stack(0x000000eba4300000,0x000000eba4400000)]
  0x000002ca622b8cb0 JavaThread "ForkJoinPool.commonPool-worker-10" daemon [_thread_blocked, id=12260, stack(0x000000eba4600000,0x000000eba4700000)]
  0x000002ca622b9be0 JavaThread "ForkJoinPool.commonPool-worker-11" daemon [_thread_blocked, id=4852, stack(0x000000eba4700000,0x000000eba4800000)]
  0x000002ca622b8290 JavaThread "RMI TCP Connection(7)-127.0.0.1" daemon [_thread_in_native, id=15840, stack(0x000000eba4800000,0x000000eba4900000)]
  0x000002ca622bd8a0 JavaThread "RMI TCP Connection(10)-127.0.0.1" daemon [_thread_in_native, id=6428, stack(0x000000eba4900000,0x000000eba4a00000)]
  0x000002ca622b7360 JavaThread "Java2D Disposer" daemon [_thread_blocked, id=10752, stack(0x000000eba1000000,0x000000eba1100000)]
  0x000002ca622bb020 JavaThread "AWT-Windows" daemon [_thread_in_native, id=4056, stack(0x000000eba4b00000,0x000000eba4c00000)]
  0x000002ca622bce80 JavaThread "DefaultDispatcher-worker-1" daemon [_thread_blocked, id=14736, stack(0x000000eba4d00000,0x000000eba4e00000)]
  0x000002ca622bddb0 JavaThread "DefaultDispatcher-worker-2" daemon [_thread_blocked, id=18728, stack(0x000000eba4e00000,0x000000eba4f00000)]
  0x000002ca622be2c0 JavaThread "DefaultDispatcher-worker-3" daemon [_thread_blocked, id=18664, stack(0x000000eba4f00000,0x000000eba5000000)]
  0x000002ca622be7d0 JavaThread "DefaultDispatcher-worker-4" daemon [_thread_blocked, id=19056, stack(0x000000eba5000000,0x000000eba5100000)]
  0x000002ca622bb530 JavaThread "DefaultDispatcher-worker-5" daemon [_thread_blocked, id=17304, stack(0x000000eba5100000,0x000000eba5200000)]
  0x000002ca622bf1f0 JavaThread "DefaultDispatcher-worker-6" daemon [_thread_blocked, id=7020, stack(0x000000eba5200000,0x000000eba5300000)]
  0x000002ca622bf700 JavaThread "DefaultDispatcher-worker-7" daemon [_thread_blocked, id=7432, stack(0x000000eba5300000,0x000000eba5400000)]
  0x000002ca622bfc10 JavaThread "DefaultDispatcher-worker-8" daemon [_thread_blocked, id=348, stack(0x000000eba5400000,0x000000eba5500000)]
  0x000002ca5beb04a0 JavaThread "DefaultDispatcher-worker-9" daemon [_thread_blocked, id=9712, stack(0x000000eba5500000,0x000000eba5600000)]
  0x000002ca622bba40 JavaThread "RMI TCP Connection(9)-127.0.0.1" daemon [_thread_in_native, id=11356, stack(0x000000eba4c00000,0x000000eba4d00000)]
  0x000002ca5b403150 JavaThread "RMI TCP Connection(11)-127.0.0.1" daemon [_thread_in_native, id=19208, stack(0x000000eba4a00000,0x000000eba4b00000)]
  0x000002ca66ec00f0 JavaThread "Exec process" [_thread_blocked, id=20464, stack(0x000000eba5a00000,0x000000eba5b00000)]
  0x000002ca66ec2460 JavaThread "Exec process Thread 2" [_thread_blocked, id=9504, stack(0x000000eba5c00000,0x000000eba5d00000)]
  0x000002ca66ec1020 JavaThread "Exec process Thread 3" [_thread_blocked, id=15488, stack(0x000000eba5d00000,0x000000eba5e00000)]
  0x000002ca66ec2e80 JavaThread "Exec process Thread 4" [_thread_blocked, id=13168, stack(0x000000eba5e00000,0x000000eba5f00000)]

Other Threads:
  0x000002ca7e6868d0 VMThread "VM Thread" [stack: 0x000000eb94d00000,0x000000eb94e00000] [id=13084]
  0x000002ca7f207f40 WatcherThread [stack: 0x000000eb95900000,0x000000eb95a00000] [id=6684]
  0x000002ca6f8ab270 GCTaskThread "GC Thread#0" [stack: 0x000000eb94800000,0x000000eb94900000] [id=11452]
  0x000002ca7f96bcd0 GCTaskThread "GC Thread#1" [stack: 0x000000eb95c00000,0x000000eb95d00000] [id=19820]
  0x000002ca7f7b6c10 GCTaskThread "GC Thread#2" [stack: 0x000000eb95d00000,0x000000eb95e00000] [id=19944]
  0x000002ca7fa464f0 GCTaskThread "GC Thread#3" [stack: 0x000000eb95e00000,0x000000eb95f00000] [id=7636]
  0x000002ca7f5087a0 GCTaskThread "GC Thread#4" [stack: 0x000000eb95f00000,0x000000eb96000000] [id=6760]
  0x000002ca59680420 GCTaskThread "GC Thread#5" [stack: 0x000000eb96f00000,0x000000eb97000000] [id=9660]
  0x000002ca57638820 GCTaskThread "GC Thread#6" [stack: 0x000000eb97000000,0x000000eb97100000] [id=5444]
  0x000002ca595dacb0 GCTaskThread "GC Thread#7" [stack: 0x000000eb97100000,0x000000eb97200000] [id=2428]
  0x000002ca5912caa0 GCTaskThread "GC Thread#8" [stack: 0x000000eb97200000,0x000000eb97300000] [id=7740]
  0x000002ca5912d5a0 GCTaskThread "GC Thread#9" [stack: 0x000000eb97300000,0x000000eb97400000] [id=18864]
  0x000002ca6f8bc0d0 ConcurrentGCThread "G1 Main Marker" [stack: 0x000000eb94900000,0x000000eb94a00000] [id=8156]
  0x000002ca6f8beb90 ConcurrentGCThread "G1 Conc#0" [stack: 0x000000eb94a00000,0x000000eb94b00000] [id=15332]
  0x000002ca5912cd60 ConcurrentGCThread "G1 Conc#1" [stack: 0x000000eb97400000,0x000000eb97500000] [id=11796]
  0x000002ca5912d020 ConcurrentGCThread "G1 Conc#2" [stack: 0x000000eb97500000,0x000000eb97600000] [id=11712]
  0x000002ca6f8fe530 ConcurrentGCThread "G1 Refine#0" [stack: 0x000000eb94b00000,0x000000eb94c00000] [id=8124]
  0x000002ca5a7ab030 ConcurrentGCThread "G1 Refine#1" [stack: 0x000000eb98800000,0x000000eb98900000] [id=4884]
  0x000002ca5a68fe90 ConcurrentGCThread "G1 Refine#2" [stack: 0x000000eb98900000,0x000000eb98a00000] [id=17384]
  0x000002ca5cde6070 ConcurrentGCThread "G1 Refine#3" [stack: 0x000000eba3400000,0x000000eba3500000] [id=6132]
  0x000002ca5c376fc0 ConcurrentGCThread "G1 Refine#4" [stack: 0x000000eba3500000,0x000000eba3600000] [id=7784]
  0x000002ca5c6ef0e0 ConcurrentGCThread "G1 Refine#5" [stack: 0x000000eba3600000,0x000000eba3700000] [id=9232]
  0x000002ca5c59d480 ConcurrentGCThread "G1 Refine#6" [stack: 0x000000eba3700000,0x000000eba3800000] [id=816]
  0x000002ca5c3f7500 ConcurrentGCThread "G1 Refine#7" [stack: 0x000000eba3800000,0x000000eba3900000] [id=11244]
  0x000002ca5cde6650 ConcurrentGCThread "G1 Refine#8" [stack: 0x000000eba3900000,0x000000eba3a00000] [id=11744]
  0x000002ca5d198f50 ConcurrentGCThread "G1 Refine#9" [stack: 0x000000eba3a00000,0x000000eba3b00000] [id=11104]
  0x000002ca6f8fec10 ConcurrentGCThread "G1 Service" [stack: 0x000000eb94c00000,0x000000eb94d00000] [id=3156]

Threads with active compile tasks:
C2 CompilerThread0  32061 24824       4       org.jetbrains.kotlin.lexer._JetLexer::advance (2433 bytes)
C1 CompilerThread0  32061 25323       2       org.jetbrains.kotlin.psi.KtParameter::<init> (14 bytes)
C2 CompilerThread1  32061 24637       4       com.intellij.lang.java.parser.BasicJavaParserUtil$1::eof (24 bytes)
C2 CompilerThread2  32061 24781       4       com.intellij.lang.impl.PsiBuilderImpl::insertLeaves (105 bytes)

VM state: not at safepoint (normal execution)

VM Mutex/Monitor currently owned by a thread: None

Heap address: 0x0000000080000000, size: 2048 MB, Compressed Oops mode: 32-bit

CDS archive(s) mapped at: [0x000002ca11000000-0x000002ca11bb0000-0x000002ca11bb0000), size 12255232, SharedBaseAddress: 0x000002ca11000000, ArchiveRelocationMode: 1.
Compressed class space mapped at: 0x000002ca12000000-0x000002ca52000000, reserved size: 1073741824
Narrow klass base: 0x000002ca11000000, Narrow klass shift: 0, Narrow klass range: 0x100000000

GC Precious Log:
 CPUs: 12 total, 12 available
 Memory: 11613M
 Large Page Support: Disabled
 NUMA Support: Disabled
 Compressed Oops: Enabled (32-bit)
 Heap Region Size: 1M
 Heap Min Capacity: 8M
 Heap Initial Capacity: 182M
 Heap Max Capacity: 2G
 Pre-touch: Disabled
 Parallel Workers: 10
 Concurrent Workers: 3
 Concurrent Refinement Workers: 10
 Periodic GC: Disabled

Heap:
 garbage-first heap   total 1190912K, used 496810K [0x0000000080000000, 0x0000000100000000)
  region size 1024K, 136 young (139264K), 4 survivors (4096K)
 Metaspace       used 180792K, committed 182336K, reserved 1245184K
  class space    used 24015K, committed 24768K, reserved 1048576K

Heap Regions: E=young(eden), S=young(survivor), O=old, HS=humongous(starts), HC=humongous(continues), CS=collection set, F=free, OA=open archive, CA=closed archive, TAMS=top-at-mark-start (previous, next)
|   0|0x0000000080000000, 0x0000000080100000, 0x0000000080100000|100%|HS|  |TAMS 0x0000000080100000, 0x0000000080000000| Complete 
|   1|0x0000000080100000, 0x0000000080200000, 0x0000000080200000|100%|HC|  |TAMS 0x0000000080200000, 0x0000000080100000| Complete 
|   2|0x0000000080200000, 0x0000000080300000, 0x0000000080300000|100%|HC|  |TAMS 0x0000000080300000, 0x0000000080200000| Complete 
|   3|0x0000000080300000, 0x0000000080400000, 0x0000000080400000|100%| O|  |TAMS 0x0000000080400000, 0x0000000080300000| Untracked 
|   4|0x0000000080400000, 0x0000000080500000, 0x0000000080500000|100%| O|  |TAMS 0x0000000080500000, 0x0000000080400000| Untracked 
|   5|0x0000000080500000, 0x0000000080600000, 0x0000000080600000|100%| O|  |TAMS 0x0000000080600000, 0x0000000080500000| Untracked 
|   6|0x0000000080600000, 0x0000000080700000, 0x0000000080700000|100%|HS|  |TAMS 0x0000000080700000, 0x0000000080600000| Complete 
|   7|0x0000000080700000, 0x0000000080800000, 0x0000000080800000|100%| O|  |TAMS 0x0000000080800000, 0x0000000080700000| Untracked 
|   8|0x0000000080800000, 0x0000000080900000, 0x0000000080900000|100%| O|  |TAMS 0x0000000080900000, 0x0000000080800000| Untracked 
|   9|0x0000000080900000, 0x0000000080a00000, 0x0000000080a00000|100%| O|  |TAMS 0x0000000080a00000, 0x0000000080900000| Untracked 
|  10|0x0000000080a00000, 0x0000000080b00000, 0x0000000080b00000|100%| O|  |TAMS 0x0000000080b00000, 0x0000000080a00000| Untracked 
|  11|0x0000000080b00000, 0x0000000080c00000, 0x0000000080c00000|100%| O|  |TAMS 0x0000000080c00000, 0x0000000080b00000| Untracked 
|  12|0x0000000080c00000, 0x0000000080d00000, 0x0000000080d00000|100%| O|  |TAMS 0x0000000080d00000, 0x0000000080c00000| Untracked 
|  13|0x0000000080d00000, 0x0000000080e00000, 0x0000000080e00000|100%| O|  |TAMS 0x0000000080e00000, 0x0000000080d00000| Untracked 
|  14|0x0000000080e00000, 0x0000000080f00000, 0x0000000080f00000|100%| O|  |TAMS 0x0000000080f00000, 0x0000000080e00000| Untracked 
|  15|0x0000000080f00000, 0x0000000081000000, 0x0000000081000000|100%| O|  |TAMS 0x0000000081000000, 0x0000000080f00000| Untracked 
|  16|0x0000000081000000, 0x0000000081100000, 0x0000000081100000|100%| O|  |TAMS 0x0000000081100000, 0x0000000081000000| Untracked 
|  17|0x0000000081100000, 0x0000000081200000, 0x0000000081200000|100%| O|  |TAMS 0x0000000081200000, 0x0000000081100000| Untracked 
|  18|0x0000000081200000, 0x0000000081300000, 0x0000000081300000|100%| O|  |TAMS 0x0000000081300000, 0x0000000081200000| Untracked 
|  19|0x0000000081300000, 0x0000000081400000, 0x0000000081400000|100%| O|  |TAMS 0x0000000081400000, 0x0000000081300000| Untracked 
|  20|0x0000000081400000, 0x0000000081500000, 0x0000000081500000|100%| O|  |TAMS 0x0000000081500000, 0x0000000081400000| Untracked 
|  21|0x0000000081500000, 0x0000000081600000, 0x0000000081600000|100%| O|  |TAMS 0x0000000081600000, 0x0000000081500000| Untracked 
|  22|0x0000000081600000, 0x0000000081700000, 0x0000000081700000|100%| O|  |TAMS 0x0000000081700000, 0x0000000081600000| Untracked 
|  23|0x0000000081700000, 0x0000000081800000, 0x0000000081800000|100%| O|  |TAMS 0x0000000081800000, 0x0000000081700000| Untracked 
|  24|0x0000000081800000, 0x0000000081900000, 0x0000000081900000|100%| O|  |TAMS 0x0000000081900000, 0x0000000081800000| Untracked 
|  25|0x0000000081900000, 0x0000000081a00000, 0x0000000081a00000|100%| O|  |TAMS 0x0000000081a00000, 0x0000000081900000| Untracked 
|  26|0x0000000081a00000, 0x0000000081b00000, 0x0000000081b00000|100%| O|  |TAMS 0x0000000081b00000, 0x0000000081a00000| Untracked 
|  27|0x0000000081b00000, 0x0000000081c00000, 0x0000000081c00000|100%| O|  |TAMS 0x0000000081c00000, 0x0000000081b00000| Untracked 
|  28|0x0000000081c00000, 0x0000000081d00000, 0x0000000081d00000|100%| O|  |TAMS 0x0000000081d00000, 0x0000000081c00000| Untracked 
|  29|0x0000000081d00000, 0x0000000081e00000, 0x0000000081e00000|100%| O|  |TAMS 0x0000000081e00000, 0x0000000081d00000| Untracked 
|  30|0x0000000081e00000, 0x0000000081f00000, 0x0000000081f00000|100%| O|  |TAMS 0x0000000081f00000, 0x0000000081e00000| Untracked 
|  31|0x0000000081f00000, 0x0000000082000000, 0x0000000082000000|100%| O|  |TAMS 0x0000000082000000, 0x0000000081f00000| Untracked 
|  32|0x0000000082000000, 0x0000000082100000, 0x0000000082100000|100%| O|  |TAMS 0x0000000082100000, 0x0000000082000000| Untracked 
|  33|0x0000000082100000, 0x0000000082200000, 0x0000000082200000|100%| O|  |TAMS 0x0000000082200000, 0x0000000082100000| Untracked 
|  34|0x0000000082200000, 0x0000000082300000, 0x0000000082300000|100%| O|  |TAMS 0x0000000082300000, 0x0000000082200000| Untracked 
|  35|0x0000000082300000, 0x0000000082400000, 0x0000000082400000|100%| O|  |TAMS 0x0000000082400000, 0x0000000082300000| Untracked 
|  36|0x0000000082400000, 0x0000000082500000, 0x0000000082500000|100%| O|  |TAMS 0x0000000082500000, 0x0000000082400000| Untracked 
|  37|0x0000000082500000, 0x0000000082600000, 0x0000000082600000|100%| O|  |TAMS 0x0000000082600000, 0x0000000082500000| Untracked 
|  38|0x0000000082600000, 0x0000000082700000, 0x0000000082700000|100%| O|  |TAMS 0x0000000082700000, 0x0000000082600000| Untracked 
|  39|0x0000000082700000, 0x0000000082800000, 0x0000000082800000|100%| O|  |TAMS 0x0000000082800000, 0x0000000082700000| Untracked 
|  40|0x0000000082800000, 0x0000000082900000, 0x0000000082900000|100%| O|  |TAMS 0x0000000082900000, 0x0000000082800000| Untracked 
|  41|0x0000000082900000, 0x0000000082a00000, 0x0000000082a00000|100%| O|  |TAMS 0x0000000082900000, 0x0000000082900000| Untracked 
|  42|0x0000000082a00000, 0x0000000082b00000, 0x0000000082b00000|100%|HS|  |TAMS 0x0000000082b00000, 0x0000000082a00000| Complete 
|  43|0x0000000082b00000, 0x0000000082c00000, 0x0000000082c00000|100%|HS|  |TAMS 0x0000000082c00000, 0x0000000082b00000| Complete 
|  44|0x0000000082c00000, 0x0000000082d00000, 0x0000000082d00000|100%|HS|  |TAMS 0x0000000082d00000, 0x0000000082c00000| Complete 
|  45|0x0000000082d00000, 0x0000000082e00000, 0x0000000082e00000|100%|HC|  |TAMS 0x0000000082e00000, 0x0000000082d00000| Complete 
|  46|0x0000000082e00000, 0x0000000082f00000, 0x0000000082f00000|100%|HS|  |TAMS 0x0000000082f00000, 0x0000000082e00000| Complete 
|  47|0x0000000082f00000, 0x0000000083000000, 0x0000000083000000|100%|HC|  |TAMS 0x0000000083000000, 0x0000000082f00000| Complete 
|  48|0x0000000083000000, 0x0000000083100000, 0x0000000083100000|100%|HS|  |TAMS 0x0000000083100000, 0x0000000083000000| Complete 
|  49|0x0000000083100000, 0x0000000083200000, 0x0000000083200000|100%|HS|  |TAMS 0x0000000083200000, 0x0000000083100000| Complete 
|  50|0x0000000083200000, 0x0000000083300000, 0x0000000083300000|100%|HC|  |TAMS 0x0000000083300000, 0x0000000083200000| Complete 
|  51|0x0000000083300000, 0x0000000083400000, 0x0000000083400000|100%|HC|  |TAMS 0x0000000083400000, 0x0000000083300000| Complete 
|  52|0x0000000083400000, 0x0000000083500000, 0x0000000083500000|100%|HC|  |TAMS 0x0000000083500000, 0x0000000083400000| Complete 
|  53|0x0000000083500000, 0x0000000083600000, 0x0000000083600000|100%|HS|  |TAMS 0x0000000083600000, 0x0000000083500000| Complete 
|  54|0x0000000083600000, 0x0000000083700000, 0x0000000083700000|100%| O|  |TAMS 0x0000000083700000, 0x0000000083600000| Untracked 
|  55|0x0000000083700000, 0x0000000083800000, 0x0000000083800000|100%| O|  |TAMS 0x0000000083800000, 0x0000000083700000| Untracked 
|  56|0x0000000083800000, 0x0000000083900000, 0x0000000083900000|100%| O|  |TAMS 0x0000000083900000, 0x0000000083800000| Untracked 
|  57|0x0000000083900000, 0x0000000083a00000, 0x0000000083a00000|100%| O|  |TAMS 0x0000000083a00000, 0x0000000083900000| Untracked 
|  58|0x0000000083a00000, 0x0000000083b00000, 0x0000000083b00000|100%| O|  |TAMS 0x0000000083b00000, 0x0000000083a00000| Untracked 
|  59|0x0000000083b00000, 0x0000000083c00000, 0x0000000083c00000|100%| O|  |TAMS 0x0000000083c00000, 0x0000000083b00000| Untracked 
|  60|0x0000000083c00000, 0x0000000083d00000, 0x0000000083d00000|100%| O|  |TAMS 0x0000000083d00000, 0x0000000083c00000| Untracked 
|  61|0x0000000083d00000, 0x0000000083e00000, 0x0000000083e00000|100%| O|  |TAMS 0x0000000083e00000, 0x0000000083d00000| Untracked 
|  62|0x0000000083e00000, 0x0000000083f00000, 0x0000000083f00000|100%| O|  |TAMS 0x0000000083f00000, 0x0000000083e00000| Untracked 
|  63|0x0000000083f00000, 0x0000000084000000, 0x0000000084000000|100%| O|  |TAMS 0x0000000084000000, 0x0000000083f00000| Untracked 
|  64|0x0000000084000000, 0x0000000084100000, 0x0000000084100000|100%| O|  |TAMS 0x0000000084100000, 0x0000000084000000| Untracked 
|  65|0x0000000084100000, 0x0000000084200000, 0x0000000084200000|100%| O|  |TAMS 0x0000000084200000, 0x0000000084100000| Untracked 
|  66|0x0000000084200000, 0x0000000084300000, 0x0000000084300000|100%|HS|  |TAMS 0x0000000084300000, 0x0000000084200000| Complete 
|  67|0x0000000084300000, 0x0000000084400000, 0x0000000084400000|100%|HS|  |TAMS 0x0000000084400000, 0x0000000084300000| Complete 
|  68|0x0000000084400000, 0x0000000084500000, 0x0000000084500000|100%| O|  |TAMS 0x0000000084500000, 0x0000000084400000| Untracked 
|  69|0x0000000084500000, 0x0000000084600000, 0x0000000084600000|100%| O|  |TAMS 0x0000000084600000, 0x0000000084500000| Untracked 
|  70|0x0000000084600000, 0x0000000084700000, 0x0000000084700000|100%|HS|  |TAMS 0x0000000084700000, 0x0000000084600000| Complete 
|  71|0x0000000084700000, 0x0000000084800000, 0x0000000084800000|100%|HC|  |TAMS 0x0000000084800000, 0x0000000084700000| Complete 
|  72|0x0000000084800000, 0x0000000084900000, 0x0000000084900000|100%|HC|  |TAMS 0x0000000084900000, 0x0000000084800000| Complete 
|  73|0x0000000084900000, 0x0000000084a00000, 0x0000000084a00000|100%|HC|  |TAMS 0x0000000084a00000, 0x0000000084900000| Complete 
|  74|0x0000000084a00000, 0x0000000084b00000, 0x0000000084b00000|100%|HS|  |TAMS 0x0000000084b00000, 0x0000000084a00000| Complete 
|  75|0x0000000084b00000, 0x0000000084c00000, 0x0000000084c00000|100%| O|  |TAMS 0x0000000084c00000, 0x0000000084b00000| Untracked 
|  76|0x0000000084c00000, 0x0000000084d00000, 0x0000000084d00000|100%| O|  |TAMS 0x0000000084d00000, 0x0000000084c00000| Untracked 
|  77|0x0000000084d00000, 0x0000000084e00000, 0x0000000084e00000|100%| O|  |TAMS 0x0000000084e00000, 0x0000000084d00000| Untracked 
|  78|0x0000000084e00000, 0x0000000084f00000, 0x0000000084f00000|100%| O|  |TAMS 0x0000000084e00000, 0x0000000084e00000| Untracked 
|  79|0x0000000084f00000, 0x0000000085000000, 0x0000000085000000|100%| O|  |TAMS 0x0000000085000000, 0x0000000084f00000| Untracked 
|  80|0x0000000085000000, 0x0000000085100000, 0x0000000085100000|100%| O|  |TAMS 0x0000000085100000, 0x0000000085000000| Untracked 
|  81|0x0000000085100000, 0x0000000085200000, 0x0000000085200000|100%| O|  |TAMS 0x0000000085200000, 0x0000000085100000| Untracked 
|  82|0x0000000085200000, 0x0000000085300000, 0x0000000085300000|100%| O|  |TAMS 0x0000000085300000, 0x0000000085200000| Untracked 
|  83|0x0000000085300000, 0x0000000085400000, 0x0000000085400000|100%| O|  |TAMS 0x0000000085400000, 0x0000000085300000| Untracked 
|  84|0x0000000085400000, 0x0000000085500000, 0x0000000085500000|100%| O|  |TAMS 0x0000000085500000, 0x0000000085400000| Untracked 
|  85|0x0000000085500000, 0x0000000085600000, 0x0000000085600000|100%| O|  |TAMS 0x0000000085600000, 0x0000000085500000| Untracked 
|  86|0x0000000085600000, 0x0000000085700000, 0x0000000085700000|100%| O|  |TAMS 0x0000000085700000, 0x0000000085600000| Untracked 
|  87|0x0000000085700000, 0x0000000085800000, 0x0000000085800000|100%| O|  |TAMS 0x0000000085800000, 0x0000000085700000| Untracked 
|  88|0x0000000085800000, 0x0000000085900000, 0x0000000085900000|100%|HS|  |TAMS 0x0000000085900000, 0x0000000085800000| Complete 
|  89|0x0000000085900000, 0x0000000085a00000, 0x0000000085a00000|100%|HS|  |TAMS 0x0000000085a00000, 0x0000000085900000| Complete 
|  90|0x0000000085a00000, 0x0000000085b00000, 0x0000000085b00000|100%|HS|  |TAMS 0x0000000085b00000, 0x0000000085a00000| Complete 
|  91|0x0000000085b00000, 0x0000000085c00000, 0x0000000085c00000|100%|HC|  |TAMS 0x0000000085c00000, 0x0000000085b00000| Complete 
|  92|0x0000000085c00000, 0x0000000085d00000, 0x0000000085d00000|100%|HS|  |TAMS 0x0000000085d00000, 0x0000000085c00000| Complete 
|  93|0x0000000085d00000, 0x0000000085e00000, 0x0000000085e00000|100%|HC|  |TAMS 0x0000000085e00000, 0x0000000085d00000| Complete 
|  94|0x0000000085e00000, 0x0000000085f00000, 0x0000000085f00000|100%|HC|  |TAMS 0x0000000085f00000, 0x0000000085e00000| Complete 
|  95|0x0000000085f00000, 0x0000000086000000, 0x0000000086000000|100%|HC|  |TAMS 0x0000000086000000, 0x0000000085f00000| Complete 
|  96|0x0000000086000000, 0x0000000086100000, 0x0000000086100000|100%| O|  |TAMS 0x0000000086100000, 0x0000000086000000| Untracked 
|  97|0x0000000086100000, 0x0000000086200000, 0x0000000086200000|100%|HS|  |TAMS 0x0000000086200000, 0x0000000086100000| Complete 
|  98|0x0000000086200000, 0x0000000086300000, 0x0000000086300000|100%|HC|  |TAMS 0x0000000086300000, 0x0000000086200000| Complete 
|  99|0x0000000086300000, 0x0000000086400000, 0x0000000086400000|100%| O|  |TAMS 0x0000000086400000, 0x0000000086300000| Untracked 
| 100|0x0000000086400000, 0x0000000086500000, 0x0000000086500000|100%| O|  |TAMS 0x0000000086500000, 0x0000000086400000| Untracked 
| 101|0x0000000086500000, 0x0000000086600000, 0x0000000086600000|100%| O|  |TAMS 0x0000000086600000, 0x0000000086500000| Untracked 
| 102|0x0000000086600000, 0x0000000086700000, 0x0000000086700000|100%| O|  |TAMS 0x0000000086600000, 0x0000000086600000| Untracked 
| 103|0x0000000086700000, 0x0000000086800000, 0x0000000086800000|100%| O|  |TAMS 0x0000000086800000, 0x0000000086700000| Untracked 
| 104|0x0000000086800000, 0x0000000086900000, 0x0000000086900000|100%| O|  |TAMS 0x0000000086900000, 0x0000000086800000| Untracked 
| 105|0x0000000086900000, 0x0000000086a00000, 0x0000000086a00000|100%| O|  |TAMS 0x0000000086a00000, 0x0000000086900000| Untracked 
| 106|0x0000000086a00000, 0x0000000086b00000, 0x0000000086b00000|100%| O|  |TAMS 0x0000000086b00000, 0x0000000086a00000| Untracked 
| 107|0x0000000086b00000, 0x0000000086c00000, 0x0000000086c00000|100%| O|  |TAMS 0x0000000086c00000, 0x0000000086b00000| Untracked 
| 108|0x0000000086c00000, 0x0000000086d00000, 0x0000000086d00000|100%| O|  |TAMS 0x0000000086d00000, 0x0000000086c00000| Untracked 
| 109|0x0000000086d00000, 0x0000000086e00000, 0x0000000086e00000|100%| O|  |TAMS 0x0000000086e00000, 0x0000000086d00000| Untracked 
| 110|0x0000000086e00000, 0x0000000086f00000, 0x0000000086f00000|100%| O|  |TAMS 0x0000000086f00000, 0x0000000086e00000| Untracked 
| 111|0x0000000086f00000, 0x0000000087000000, 0x0000000087000000|100%| O|  |TAMS 0x0000000087000000, 0x0000000086f00000| Untracked 
| 112|0x0000000087000000, 0x0000000087100000, 0x0000000087100000|100%| O|  |TAMS 0x0000000087100000, 0x0000000087000000| Untracked 
| 113|0x0000000087100000, 0x0000000087200000, 0x0000000087200000|100%| O|  |TAMS 0x0000000087200000, 0x0000000087100000| Untracked 
| 114|0x0000000087200000, 0x0000000087300000, 0x0000000087300000|100%| O|  |TAMS 0x0000000087300000, 0x0000000087200000| Untracked 
| 115|0x0000000087300000, 0x0000000087400000, 0x0000000087400000|100%| O|  |TAMS 0x0000000087400000, 0x0000000087300000| Untracked 
| 116|0x0000000087400000, 0x0000000087500000, 0x0000000087500000|100%| O|  |TAMS 0x0000000087500000, 0x0000000087400000| Untracked 
| 117|0x0000000087500000, 0x0000000087600000, 0x0000000087600000|100%| O|  |TAMS 0x0000000087600000, 0x0000000087500000| Untracked 
| 118|0x0000000087600000, 0x0000000087700000, 0x0000000087700000|100%| O|  |TAMS 0x0000000087700000, 0x0000000087600000| Untracked 
| 119|0x0000000087700000, 0x0000000087800000, 0x0000000087800000|100%| O|  |TAMS 0x0000000087800000, 0x0000000087700000| Untracked 
| 120|0x0000000087800000, 0x0000000087900000, 0x0000000087900000|100%| O|  |TAMS 0x0000000087900000, 0x0000000087800000| Untracked 
| 121|0x0000000087900000, 0x0000000087a00000, 0x0000000087a00000|100%| O|  |TAMS 0x0000000087a00000, 0x0000000087900000| Untracked 
| 122|0x0000000087a00000, 0x0000000087b00000, 0x0000000087b00000|100%| O|  |TAMS 0x0000000087b00000, 0x0000000087a00000| Untracked 
| 123|0x0000000087b00000, 0x0000000087c00000, 0x0000000087c00000|100%| O|  |TAMS 0x0000000087c00000, 0x0000000087b00000| Untracked 
| 124|0x0000000087c00000, 0x0000000087d00000, 0x0000000087d00000|100%| O|  |TAMS 0x0000000087d00000, 0x0000000087c00000| Untracked 
| 125|0x0000000087d00000, 0x0000000087e00000, 0x0000000087e00000|100%| O|  |TAMS 0x0000000087e00000, 0x0000000087d00000| Untracked 
| 126|0x0000000087e00000, 0x0000000087f00000, 0x0000000087f00000|100%| O|  |TAMS 0x0000000087f00000, 0x0000000087e00000| Untracked 
| 127|0x0000000087f00000, 0x0000000088000000, 0x0000000088000000|100%| O|  |TAMS 0x0000000088000000, 0x0000000087f00000| Untracked 
| 128|0x0000000088000000, 0x0000000088100000, 0x0000000088100000|100%| O|  |TAMS 0x0000000088100000, 0x0000000088000000| Untracked 
| 129|0x0000000088100000, 0x0000000088200000, 0x0000000088200000|100%| O|  |TAMS 0x0000000088200000, 0x0000000088100000| Untracked 
| 130|0x0000000088200000, 0x0000000088300000, 0x0000000088300000|100%| O|  |TAMS 0x0000000088300000, 0x0000000088200000| Untracked 
| 131|0x0000000088300000, 0x0000000088400000, 0x0000000088400000|100%| O|  |TAMS 0x0000000088400000, 0x0000000088300000| Untracked 
| 132|0x0000000088400000, 0x0000000088500000, 0x0000000088500000|100%| O|  |TAMS 0x0000000088500000, 0x0000000088400000| Untracked 
| 133|0x0000000088500000, 0x0000000088600000, 0x0000000088600000|100%| O|  |TAMS 0x0000000088600000, 0x0000000088500000| Untracked 
| 134|0x0000000088600000, 0x0000000088700000, 0x0000000088700000|100%| O|  |TAMS 0x0000000088700000, 0x0000000088600000| Untracked 
| 135|0x0000000088700000, 0x0000000088800000, 0x0000000088800000|100%| O|  |TAMS 0x0000000088800000, 0x0000000088700000| Untracked 
| 136|0x0000000088800000, 0x0000000088900000, 0x0000000088900000|100%| O|  |TAMS 0x0000000088900000, 0x0000000088800000| Untracked 
| 137|0x0000000088900000, 0x0000000088a00000, 0x0000000088a00000|100%| O|  |TAMS 0x0000000088a00000, 0x0000000088900000| Untracked 
| 138|0x0000000088a00000, 0x0000000088b00000, 0x0000000088b00000|100%| O|  |TAMS 0x0000000088b00000, 0x0000000088a00000| Untracked 
| 139|0x0000000088b00000, 0x0000000088c00000, 0x0000000088c00000|100%| O|  |TAMS 0x0000000088c00000, 0x0000000088b00000| Untracked 
| 140|0x0000000088c00000, 0x0000000088d00000, 0x0000000088d00000|100%| O|  |TAMS 0x0000000088d00000, 0x0000000088c00000| Untracked 
| 141|0x0000000088d00000, 0x0000000088e00000, 0x0000000088e00000|100%| O|  |TAMS 0x0000000088e00000, 0x0000000088d00000| Untracked 
| 142|0x0000000088e00000, 0x0000000088f00000, 0x0000000088f00000|100%| O|  |TAMS 0x0000000088f00000, 0x0000000088e00000| Untracked 
| 143|0x0000000088f00000, 0x0000000088f2e600, 0x0000000089000000| 18%| O|  |TAMS 0x0000000088f00000, 0x0000000088f00000| Untracked 
| 144|0x0000000089000000, 0x0000000089000000, 0x0000000089100000|  0%| F|  |TAMS 0x0000000089000000, 0x0000000089000000| Untracked 
| 145|0x0000000089100000, 0x0000000089100000, 0x0000000089200000|  0%| F|  |TAMS 0x0000000089100000, 0x0000000089100000| Untracked 
| 146|0x0000000089200000, 0x0000000089200000, 0x0000000089300000|  0%| F|  |TAMS 0x0000000089200000, 0x0000000089200000| Untracked 
| 147|0x0000000089300000, 0x0000000089300000, 0x0000000089400000|  0%| F|  |TAMS 0x0000000089300000, 0x0000000089300000| Untracked 
| 148|0x0000000089400000, 0x0000000089400000, 0x0000000089500000|  0%| F|  |TAMS 0x0000000089400000, 0x0000000089400000| Untracked 
| 149|0x0000000089500000, 0x0000000089500000, 0x0000000089600000|  0%| F|  |TAMS 0x0000000089500000, 0x0000000089500000| Untracked 
| 150|0x0000000089600000, 0x0000000089600000, 0x0000000089700000|  0%| F|  |TAMS 0x0000000089600000, 0x0000000089600000| Untracked 
| 151|0x0000000089700000, 0x0000000089700000, 0x0000000089800000|  0%| F|  |TAMS 0x0000000089700000, 0x0000000089700000| Untracked 
| 152|0x0000000089800000, 0x0000000089800000, 0x0000000089900000|  0%| F|  |TAMS 0x0000000089800000, 0x0000000089800000| Untracked 
| 153|0x0000000089900000, 0x0000000089900000, 0x0000000089a00000|  0%| F|  |TAMS 0x0000000089900000, 0x0000000089900000| Untracked 
| 154|0x0000000089a00000, 0x0000000089a00000, 0x0000000089b00000|  0%| F|  |TAMS 0x0000000089a00000, 0x0000000089a00000| Untracked 
| 155|0x0000000089b00000, 0x0000000089b00000, 0x0000000089c00000|  0%| F|  |TAMS 0x0000000089b00000, 0x0000000089b00000| Untracked 
| 156|0x0000000089c00000, 0x0000000089c00000, 0x0000000089d00000|  0%| F|  |TAMS 0x0000000089c00000, 0x0000000089c00000| Untracked 
| 157|0x0000000089d00000, 0x0000000089d00000, 0x0000000089e00000|  0%| F|  |TAMS 0x0000000089d00000, 0x0000000089d00000| Untracked 
| 158|0x0000000089e00000, 0x0000000089e00000, 0x0000000089f00000|  0%| F|  |TAMS 0x0000000089e00000, 0x0000000089e00000| Untracked 
| 159|0x0000000089f00000, 0x0000000089f00000, 0x000000008a000000|  0%| F|  |TAMS 0x0000000089f00000, 0x0000000089f00000| Untracked 
| 160|0x000000008a000000, 0x000000008a000000, 0x000000008a100000|  0%| F|  |TAMS 0x000000008a000000, 0x000000008a000000| Untracked 
| 161|0x000000008a100000, 0x000000008a200000, 0x000000008a200000|100%|HS|  |TAMS 0x000000008a200000, 0x000000008a100000| Complete 
| 162|0x000000008a200000, 0x000000008a300000, 0x000000008a300000|100%|HC|  |TAMS 0x000000008a300000, 0x000000008a200000| Complete 
| 163|0x000000008a300000, 0x000000008a400000, 0x000000008a400000|100%|HC|  |TAMS 0x000000008a400000, 0x000000008a300000| Complete 
| 164|0x000000008a400000, 0x000000008a500000, 0x000000008a500000|100%|HS|  |TAMS 0x000000008a500000, 0x000000008a400000| Complete 
| 165|0x000000008a500000, 0x000000008a600000, 0x000000008a600000|100%|HC|  |TAMS 0x000000008a600000, 0x000000008a500000| Complete 
| 166|0x000000008a600000, 0x000000008a700000, 0x000000008a700000|100%|HC|  |TAMS 0x000000008a700000, 0x000000008a600000| Complete 
| 167|0x000000008a700000, 0x000000008a800000, 0x000000008a800000|100%| O|  |TAMS 0x000000008a800000, 0x000000008a700000| Untracked 
| 168|0x000000008a800000, 0x000000008a900000, 0x000000008a900000|100%| O|  |TAMS 0x000000008a900000, 0x000000008a800000| Untracked 
| 169|0x000000008a900000, 0x000000008aa00000, 0x000000008aa00000|100%| O|  |TAMS 0x000000008aa00000, 0x000000008a900000| Untracked 
| 170|0x000000008aa00000, 0x000000008ab00000, 0x000000008ab00000|100%| O|  |TAMS 0x000000008ab00000, 0x000000008aa00000| Untracked 
| 171|0x000000008ab00000, 0x000000008ab00000, 0x000000008ac00000|  0%| F|  |TAMS 0x000000008ab00000, 0x000000008ab00000| Untracked 
| 172|0x000000008ac00000, 0x000000008ac00000, 0x000000008ad00000|  0%| F|  |TAMS 0x000000008ac00000, 0x000000008ac00000| Untracked 
| 173|0x000000008ad00000, 0x000000008ad00000, 0x000000008ae00000|  0%| F|  |TAMS 0x000000008ad00000, 0x000000008ad00000| Untracked 
| 174|0x000000008ae00000, 0x000000008ae00000, 0x000000008af00000|  0%| F|  |TAMS 0x000000008ae00000, 0x000000008ae00000| Untracked 
| 175|0x000000008af00000, 0x000000008af00000, 0x000000008b000000|  0%| F|  |TAMS 0x000000008af00000, 0x000000008af00000| Untracked 
| 176|0x000000008b000000, 0x000000008b000000, 0x000000008b100000|  0%| F|  |TAMS 0x000000008b000000, 0x000000008b000000| Untracked 
| 177|0x000000008b100000, 0x000000008b100000, 0x000000008b200000|  0%| F|  |TAMS 0x000000008b100000, 0x000000008b100000| Untracked 
| 178|0x000000008b200000, 0x000000008b200000, 0x000000008b300000|  0%| F|  |TAMS 0x000000008b200000, 0x000000008b200000| Untracked 
| 179|0x000000008b300000, 0x000000008b400000, 0x000000008b400000|100%| O|  |TAMS 0x000000008b400000, 0x000000008b300000| Untracked 
| 180|0x000000008b400000, 0x000000008b500000, 0x000000008b500000|100%| O|  |TAMS 0x000000008b500000, 0x000000008b400000| Untracked 
| 181|0x000000008b500000, 0x000000008b600000, 0x000000008b600000|100%| O|  |TAMS 0x000000008b600000, 0x000000008b500000| Complete 
| 182|0x000000008b600000, 0x000000008b600000, 0x000000008b700000|  0%| F|  |TAMS 0x000000008b600000, 0x000000008b600000| Untracked 
| 183|0x000000008b700000, 0x000000008b800000, 0x000000008b800000|100%| O|  |TAMS 0x000000008b800000, 0x000000008b700000| Complete 
| 184|0x000000008b800000, 0x000000008b900000, 0x000000008b900000|100%| O|  |TAMS 0x000000008b900000, 0x000000008b800000| Untracked 
| 185|0x000000008b900000, 0x000000008b900000, 0x000000008ba00000|  0%| F|  |TAMS 0x000000008b900000, 0x000000008b900000| Untracked 
| 186|0x000000008ba00000, 0x000000008ba00000, 0x000000008bb00000|  0%| F|  |TAMS 0x000000008ba00000, 0x000000008ba00000| Untracked 
| 187|0x000000008bb00000, 0x000000008bb00000, 0x000000008bc00000|  0%| F|  |TAMS 0x000000008bb00000, 0x000000008bb00000| Untracked 
| 188|0x000000008bc00000, 0x000000008bc00000, 0x000000008bd00000|  0%| F|  |TAMS 0x000000008bc00000, 0x000000008bc00000| Untracked 
| 189|0x000000008bd00000, 0x000000008bd00000, 0x000000008be00000|  0%| F|  |TAMS 0x000000008bd00000, 0x000000008bd00000| Untracked 
| 190|0x000000008be00000, 0x000000008be00000, 0x000000008bf00000|  0%| F|  |TAMS 0x000000008be00000, 0x000000008be00000| Untracked 
| 191|0x000000008bf00000, 0x000000008bf00000, 0x000000008c000000|  0%| F|  |TAMS 0x000000008bf00000, 0x000000008bf00000| Untracked 
| 192|0x000000008c000000, 0x000000008c000000, 0x000000008c100000|  0%| F|  |TAMS 0x000000008c000000, 0x000000008c000000| Untracked 
| 193|0x000000008c100000, 0x000000008c100000, 0x000000008c200000|  0%| F|  |TAMS 0x000000008c100000, 0x000000008c100000| Untracked 
| 194|0x000000008c200000, 0x000000008c200000, 0x000000008c300000|  0%| F|  |TAMS 0x000000008c200000, 0x000000008c200000| Untracked 
| 195|0x000000008c300000, 0x000000008c300000, 0x000000008c400000|  0%| F|  |TAMS 0x000000008c300000, 0x000000008c300000| Untracked 
| 196|0x000000008c400000, 0x000000008c400000, 0x000000008c500000|  0%| F|  |TAMS 0x000000008c400000, 0x000000008c400000| Untracked 
| 197|0x000000008c500000, 0x000000008c600000, 0x000000008c600000|100%| O|  |TAMS 0x000000008c600000, 0x000000008c500000| Complete 
| 198|0x000000008c600000, 0x000000008c700000, 0x000000008c700000|100%| O|  |TAMS 0x000000008c700000, 0x000000008c600000| Complete 
| 199|0x000000008c700000, 0x000000008c700000, 0x000000008c800000|  0%| F|  |TAMS 0x000000008c700000, 0x000000008c700000| Untracked 
| 200|0x000000008c800000, 0x000000008c800000, 0x000000008c900000|  0%| F|  |TAMS 0x000000008c800000, 0x000000008c800000| Untracked 
| 201|0x000000008c900000, 0x000000008c900000, 0x000000008ca00000|  0%| F|  |TAMS 0x000000008c900000, 0x000000008c900000| Untracked 
| 202|0x000000008ca00000, 0x000000008ca00000, 0x000000008cb00000|  0%| F|  |TAMS 0x000000008ca00000, 0x000000008ca00000| Untracked 
| 203|0x000000008cb00000, 0x000000008cb00000, 0x000000008cc00000|  0%| F|  |TAMS 0x000000008cb00000, 0x000000008cb00000| Untracked 
| 204|0x000000008cc00000, 0x000000008cc00000, 0x000000008cd00000|  0%| F|  |TAMS 0x000000008cc00000, 0x000000008cc00000| Untracked 
| 205|0x000000008cd00000, 0x000000008cd00000, 0x000000008ce00000|  0%| F|  |TAMS 0x000000008cd00000, 0x000000008cd00000| Untracked 
| 206|0x000000008ce00000, 0x000000008ce00000, 0x000000008cf00000|  0%| F|  |TAMS 0x000000008ce00000, 0x000000008ce00000| Untracked 
| 207|0x000000008cf00000, 0x000000008cf00000, 0x000000008d000000|  0%| F|  |TAMS 0x000000008cf00000, 0x000000008cf00000| Untracked 
| 208|0x000000008d000000, 0x000000008d100000, 0x000000008d100000|100%| O|  |TAMS 0x000000008d100000, 0x000000008d000000| Untracked 
| 209|0x000000008d100000, 0x000000008d200000, 0x000000008d200000|100%| O|  |TAMS 0x000000008d200000, 0x000000008d100000| Untracked 
| 210|0x000000008d200000, 0x000000008d300000, 0x000000008d300000|100%| O|  |TAMS 0x000000008d300000, 0x000000008d200000| Untracked 
| 211|0x000000008d300000, 0x000000008d400000, 0x000000008d400000|100%| O|  |TAMS 0x000000008d400000, 0x000000008d300000| Untracked 
| 212|0x000000008d400000, 0x000000008d500000, 0x000000008d500000|100%| O|  |TAMS 0x000000008d500000, 0x000000008d400000| Untracked 
| 213|0x000000008d500000, 0x000000008d600000, 0x000000008d600000|100%| O|  |TAMS 0x000000008d600000, 0x000000008d500000| Untracked 
| 214|0x000000008d600000, 0x000000008d700000, 0x000000008d700000|100%| O|  |TAMS 0x000000008d700000, 0x000000008d600000| Untracked 
| 215|0x000000008d700000, 0x000000008d800000, 0x000000008d800000|100%| O|  |TAMS 0x000000008d800000, 0x000000008d700000| Untracked 
| 216|0x000000008d800000, 0x000000008d900000, 0x000000008d900000|100%| O|  |TAMS 0x000000008d900000, 0x000000008d800000| Untracked 
| 217|0x000000008d900000, 0x000000008da00000, 0x000000008da00000|100%| O|  |TAMS 0x000000008da00000, 0x000000008d900000| Untracked 
| 218|0x000000008da00000, 0x000000008da00000, 0x000000008db00000|  0%| F|  |TAMS 0x000000008da00000, 0x000000008da00000| Untracked 
| 219|0x000000008db00000, 0x000000008dc00000, 0x000000008dc00000|100%| O|  |TAMS 0x000000008dc00000, 0x000000008db00000| Complete 
| 220|0x000000008dc00000, 0x000000008dd00000, 0x000000008dd00000|100%| O|  |TAMS 0x000000008dd00000, 0x000000008dc00000| Complete 
| 221|0x000000008dd00000, 0x000000008de00000, 0x000000008de00000|100%| O|  |TAMS 0x000000008de00000, 0x000000008dd00000| Complete 
| 222|0x000000008de00000, 0x000000008df00000, 0x000000008df00000|100%| O|  |TAMS 0x000000008df00000, 0x000000008de00000| Complete 
| 223|0x000000008df00000, 0x000000008e000000, 0x000000008e000000|100%| O|  |TAMS 0x000000008e000000, 0x000000008df00000| Complete 
| 224|0x000000008e000000, 0x000000008e100000, 0x000000008e100000|100%| O|  |TAMS 0x000000008e100000, 0x000000008e000000| Complete 
| 225|0x000000008e100000, 0x000000008e200000, 0x000000008e200000|100%| O|  |TAMS 0x000000008e200000, 0x000000008e100000| Untracked 
| 226|0x000000008e200000, 0x000000008e300000, 0x000000008e300000|100%| O|  |TAMS 0x000000008e300000, 0x000000008e200000| Complete 
| 227|0x000000008e300000, 0x000000008e400000, 0x000000008e400000|100%| O|  |TAMS 0x000000008e400000, 0x000000008e300000| Untracked 
| 228|0x000000008e400000, 0x000000008e500000, 0x000000008e500000|100%| O|  |TAMS 0x000000008e500000, 0x000000008e400000| Untracked 
| 229|0x000000008e500000, 0x000000008e600000, 0x000000008e600000|100%| O|  |TAMS 0x000000008e600000, 0x000000008e500000| Untracked 
| 230|0x000000008e600000, 0x000000008e700000, 0x000000008e700000|100%| O|  |TAMS 0x000000008e700000, 0x000000008e600000| Untracked 
| 231|0x000000008e700000, 0x000000008e800000, 0x000000008e800000|100%| O|  |TAMS 0x000000008e800000, 0x000000008e700000| Untracked 
| 232|0x000000008e800000, 0x000000008e900000, 0x000000008e900000|100%| O|  |TAMS 0x000000008e900000, 0x000000008e800000| Untracked 
| 233|0x000000008e900000, 0x000000008ea00000, 0x000000008ea00000|100%| O|  |TAMS 0x000000008ea00000, 0x000000008e900000| Complete 
| 234|0x000000008ea00000, 0x000000008eb00000, 0x000000008eb00000|100%| O|  |TAMS 0x000000008eb00000, 0x000000008ea00000| Untracked 
| 235|0x000000008eb00000, 0x000000008eb00000, 0x000000008ec00000|  0%| F|  |TAMS 0x000000008eb00000, 0x000000008eb00000| Untracked 
| 236|0x000000008ec00000, 0x000000008ec00000, 0x000000008ed00000|  0%| F|  |TAMS 0x000000008ec00000, 0x000000008ec00000| Untracked 
| 237|0x000000008ed00000, 0x000000008ed00000, 0x000000008ee00000|  0%| F|  |TAMS 0x000000008ed00000, 0x000000008ed00000| Untracked 
| 238|0x000000008ee00000, 0x000000008ee00000, 0x000000008ef00000|  0%| F|  |TAMS 0x000000008ee00000, 0x000000008ee00000| Untracked 
| 239|0x000000008ef00000, 0x000000008f000000, 0x000000008f000000|100%| O|  |TAMS 0x000000008f000000, 0x000000008ef00000| Untracked 
| 240|0x000000008f000000, 0x000000008f100000, 0x000000008f100000|100%| O|  |TAMS 0x000000008f100000, 0x000000008f000000| Untracked 
| 241|0x000000008f100000, 0x000000008f200000, 0x000000008f200000|100%| O|  |TAMS 0x000000008f200000, 0x000000008f100000| Untracked 
| 242|0x000000008f200000, 0x000000008f300000, 0x000000008f300000|100%| O|  |TAMS 0x000000008f300000, 0x000000008f200000| Untracked 
| 243|0x000000008f300000, 0x000000008f400000, 0x000000008f400000|100%| O|  |TAMS 0x000000008f400000, 0x000000008f300000| Untracked 
| 244|0x000000008f400000, 0x000000008f500000, 0x000000008f500000|100%| O|  |TAMS 0x000000008f500000, 0x000000008f400000| Untracked 
| 245|0x000000008f500000, 0x000000008f600000, 0x000000008f600000|100%| O|  |TAMS 0x000000008f600000, 0x000000008f500000| Untracked 
| 246|0x000000008f600000, 0x000000008f700000, 0x000000008f700000|100%| O|  |TAMS 0x000000008f700000, 0x000000008f600000| Untracked 
| 247|0x000000008f700000, 0x000000008f800000, 0x000000008f800000|100%| O|  |TAMS 0x000000008f800000, 0x000000008f700000| Untracked 
| 248|0x000000008f800000, 0x000000008f900000, 0x000000008f900000|100%| O|  |TAMS 0x000000008f900000, 0x000000008f800000| Untracked 
| 249|0x000000008f900000, 0x000000008fa00000, 0x000000008fa00000|100%| O|  |TAMS 0x000000008fa00000, 0x000000008f900000| Untracked 
| 250|0x000000008fa00000, 0x000000008fb00000, 0x000000008fb00000|100%| O|  |TAMS 0x000000008fb00000, 0x000000008fa00000| Untracked 
| 251|0x000000008fb00000, 0x000000008fc00000, 0x000000008fc00000|100%| O|  |TAMS 0x000000008fc00000, 0x000000008fb00000| Untracked 
| 252|0x000000008fc00000, 0x000000008fd00000, 0x000000008fd00000|100%| O|  |TAMS 0x000000008fd00000, 0x000000008fc00000| Untracked 
| 253|0x000000008fd00000, 0x000000008fe00000, 0x000000008fe00000|100%| O|  |TAMS 0x000000008fe00000, 0x000000008fd00000| Untracked 
| 254|0x000000008fe00000, 0x000000008ff00000, 0x000000008ff00000|100%| O|  |TAMS 0x000000008ff00000, 0x000000008fe00000| Untracked 
| 255|0x000000008ff00000, 0x0000000090000000, 0x0000000090000000|100%| O|  |TAMS 0x0000000090000000, 0x000000008ff00000| Complete 
| 256|0x0000000090000000, 0x0000000090100000, 0x0000000090100000|100%| O|  |TAMS 0x0000000090100000, 0x0000000090000000| Untracked 
| 257|0x0000000090100000, 0x0000000090200000, 0x0000000090200000|100%| O|  |TAMS 0x0000000090200000, 0x0000000090100000| Untracked 
| 258|0x0000000090200000, 0x0000000090300000, 0x0000000090300000|100%| O|  |TAMS 0x0000000090300000, 0x0000000090200000| Untracked 
| 259|0x0000000090300000, 0x0000000090400000, 0x0000000090400000|100%| O|  |TAMS 0x0000000090400000, 0x0000000090300000| Untracked 
| 260|0x0000000090400000, 0x0000000090500000, 0x0000000090500000|100%| O|  |TAMS 0x0000000090500000, 0x0000000090400000| Untracked 
| 261|0x0000000090500000, 0x0000000090600000, 0x0000000090600000|100%| O|  |TAMS 0x0000000090600000, 0x0000000090500000| Untracked 
| 262|0x0000000090600000, 0x0000000090600000, 0x0000000090700000|  0%| F|  |TAMS 0x0000000090600000, 0x0000000090600000| Untracked 
| 263|0x0000000090700000, 0x0000000090800000, 0x0000000090800000|100%| O|  |TAMS 0x0000000090800000, 0x0000000090700000| Untracked 
| 264|0x0000000090800000, 0x0000000090900000, 0x0000000090900000|100%| O|  |TAMS 0x0000000090900000, 0x0000000090800000| Untracked 
| 265|0x0000000090900000, 0x0000000090900000, 0x0000000090a00000|  0%| F|  |TAMS 0x0000000090900000, 0x0000000090900000| Untracked 
| 266|0x0000000090a00000, 0x0000000090b00000, 0x0000000090b00000|100%| O|  |TAMS 0x0000000090b00000, 0x0000000090a00000| Untracked 
| 267|0x0000000090b00000, 0x0000000090b00000, 0x0000000090c00000|  0%| F|  |TAMS 0x0000000090b00000, 0x0000000090b00000| Untracked 
| 268|0x0000000090c00000, 0x0000000090d00000, 0x0000000090d00000|100%| O|  |TAMS 0x0000000090d00000, 0x0000000090c00000| Untracked 
| 269|0x0000000090d00000, 0x0000000090d00000, 0x0000000090e00000|  0%| F|  |TAMS 0x0000000090d00000, 0x0000000090d00000| Untracked 
| 270|0x0000000090e00000, 0x0000000090f00000, 0x0000000090f00000|100%| O|  |TAMS 0x0000000090f00000, 0x0000000090e00000| Untracked 
| 271|0x0000000090f00000, 0x0000000091000000, 0x0000000091000000|100%| O|  |TAMS 0x0000000091000000, 0x0000000090f00000| Complete 
| 272|0x0000000091000000, 0x0000000091100000, 0x0000000091100000|100%| O|  |TAMS 0x0000000091100000, 0x0000000091000000| Complete 
| 273|0x0000000091100000, 0x0000000091200000, 0x0000000091200000|100%| O|  |TAMS 0x0000000091200000, 0x0000000091100000| Complete 
| 274|0x0000000091200000, 0x0000000091300000, 0x0000000091300000|100%| O|  |TAMS 0x0000000091300000, 0x0000000091200000| Untracked 
| 275|0x0000000091300000, 0x0000000091400000, 0x0000000091400000|100%| O|  |TAMS 0x0000000091400000, 0x0000000091300000| Untracked 
| 276|0x0000000091400000, 0x0000000091400000, 0x0000000091500000|  0%| F|  |TAMS 0x0000000091400000, 0x0000000091400000| Untracked 
| 277|0x0000000091500000, 0x0000000091600000, 0x0000000091600000|100%| O|  |TAMS 0x0000000091600000, 0x0000000091500000| Untracked 
| 278|0x0000000091600000, 0x0000000091600000, 0x0000000091700000|  0%| F|  |TAMS 0x0000000091600000, 0x0000000091600000| Untracked 
| 279|0x0000000091700000, 0x0000000091800000, 0x0000000091800000|100%| O|  |TAMS 0x0000000091800000, 0x0000000091700000| Untracked 
| 280|0x0000000091800000, 0x0000000091900000, 0x0000000091900000|100%| O|  |TAMS 0x0000000091900000, 0x0000000091800000| Complete 
| 281|0x0000000091900000, 0x0000000091a00000, 0x0000000091a00000|100%| O|  |TAMS 0x0000000091a00000, 0x0000000091900000| Complete 
| 282|0x0000000091a00000, 0x0000000091b00000, 0x0000000091b00000|100%| O|  |TAMS 0x0000000091b00000, 0x0000000091a00000| Untracked 
| 283|0x0000000091b00000, 0x0000000091c00000, 0x0000000091c00000|100%| O|  |TAMS 0x0000000091c00000, 0x0000000091b00000| Untracked 
| 284|0x0000000091c00000, 0x0000000091d00000, 0x0000000091d00000|100%| O|  |TAMS 0x0000000091d00000, 0x0000000091c00000| Untracked 
| 285|0x0000000091d00000, 0x0000000091d00000, 0x0000000091e00000|  0%| F|  |TAMS 0x0000000091d00000, 0x0000000091d00000| Untracked 
| 286|0x0000000091e00000, 0x0000000091f00000, 0x0000000091f00000|100%| O|  |TAMS 0x0000000091f00000, 0x0000000091e00000| Untracked 
| 287|0x0000000091f00000, 0x0000000092000000, 0x0000000092000000|100%| O|  |TAMS 0x0000000092000000, 0x0000000091f00000| Complete 
| 288|0x0000000092000000, 0x0000000092000000, 0x0000000092100000|  0%| F|  |TAMS 0x0000000092000000, 0x0000000092000000| Untracked 
| 289|0x0000000092100000, 0x0000000092200000, 0x0000000092200000|100%| O|  |TAMS 0x0000000092200000, 0x0000000092100000| Complete 
| 290|0x0000000092200000, 0x0000000092200000, 0x0000000092300000|  0%| F|  |TAMS 0x0000000092200000, 0x0000000092200000| Untracked 
| 291|0x0000000092300000, 0x0000000092300000, 0x0000000092400000|  0%| F|  |TAMS 0x0000000092300000, 0x0000000092300000| Untracked 
| 292|0x0000000092400000, 0x0000000092400000, 0x0000000092500000|  0%| F|  |TAMS 0x0000000092400000, 0x0000000092400000| Untracked 
| 293|0x0000000092500000, 0x0000000092500000, 0x0000000092600000|  0%| F|  |TAMS 0x0000000092500000, 0x0000000092500000| Untracked 
| 294|0x0000000092600000, 0x0000000092600000, 0x0000000092700000|  0%| F|  |TAMS 0x0000000092600000, 0x0000000092600000| Untracked 
| 295|0x0000000092700000, 0x0000000092700000, 0x0000000092800000|  0%| F|  |TAMS 0x0000000092700000, 0x0000000092700000| Untracked 
| 296|0x0000000092800000, 0x0000000092800000, 0x0000000092900000|  0%| F|  |TAMS 0x0000000092800000, 0x0000000092800000| Untracked 
| 297|0x0000000092900000, 0x0000000092900000, 0x0000000092a00000|  0%| F|  |TAMS 0x0000000092900000, 0x0000000092900000| Untracked 
| 298|0x0000000092a00000, 0x0000000092a00000, 0x0000000092b00000|  0%| F|  |TAMS 0x0000000092a00000, 0x0000000092a00000| Untracked 
| 299|0x0000000092b00000, 0x0000000092b00000, 0x0000000092c00000|  0%| F|  |TAMS 0x0000000092b00000, 0x0000000092b00000| Untracked 
| 300|0x0000000092c00000, 0x0000000092c00000, 0x0000000092d00000|  0%| F|  |TAMS 0x0000000092c00000, 0x0000000092c00000| Untracked 
| 301|0x0000000092d00000, 0x0000000092d00000, 0x0000000092e00000|  0%| F|  |TAMS 0x0000000092d00000, 0x0000000092d00000| Untracked 
| 302|0x0000000092e00000, 0x0000000092e00000, 0x0000000092f00000|  0%| F|  |TAMS 0x0000000092e00000, 0x0000000092e00000| Untracked 
| 303|0x0000000092f00000, 0x0000000092f00000, 0x0000000093000000|  0%| F|  |TAMS 0x0000000092f00000, 0x0000000092f00000| Untracked 
| 304|0x0000000093000000, 0x0000000093000000, 0x0000000093100000|  0%| F|  |TAMS 0x0000000093000000, 0x0000000093000000| Untracked 
| 305|0x0000000093100000, 0x0000000093100000, 0x0000000093200000|  0%| F|  |TAMS 0x0000000093100000, 0x0000000093100000| Untracked 
| 306|0x0000000093200000, 0x0000000093200000, 0x0000000093300000|  0%| F|  |TAMS 0x0000000093200000, 0x0000000093200000| Untracked 
| 307|0x0000000093300000, 0x0000000093300000, 0x0000000093400000|  0%| F|  |TAMS 0x0000000093300000, 0x0000000093300000| Untracked 
| 308|0x0000000093400000, 0x0000000093400000, 0x0000000093500000|  0%| F|  |TAMS 0x0000000093400000, 0x0000000093400000| Untracked 
| 309|0x0000000093500000, 0x0000000093500000, 0x0000000093600000|  0%| F|  |TAMS 0x0000000093500000, 0x0000000093500000| Untracked 
| 310|0x0000000093600000, 0x0000000093600000, 0x0000000093700000|  0%| F|  |TAMS 0x0000000093600000, 0x0000000093600000| Untracked 
| 311|0x0000000093700000, 0x0000000093700000, 0x0000000093800000|  0%| F|  |TAMS 0x0000000093700000, 0x0000000093700000| Untracked 
| 312|0x0000000093800000, 0x0000000093800000, 0x0000000093900000|  0%| F|  |TAMS 0x0000000093800000, 0x0000000093800000| Untracked 
| 313|0x0000000093900000, 0x0000000093900000, 0x0000000093a00000|  0%| F|  |TAMS 0x0000000093900000, 0x0000000093900000| Untracked 
| 314|0x0000000093a00000, 0x0000000093a00000, 0x0000000093b00000|  0%| F|  |TAMS 0x0000000093a00000, 0x0000000093a00000| Untracked 
| 315|0x0000000093b00000, 0x0000000093b00000, 0x0000000093c00000|  0%| F|  |TAMS 0x0000000093b00000, 0x0000000093b00000| Untracked 
| 316|0x0000000093c00000, 0x0000000093c00000, 0x0000000093d00000|  0%| F|  |TAMS 0x0000000093c00000, 0x0000000093c00000| Untracked 
| 317|0x0000000093d00000, 0x0000000093d00000, 0x0000000093e00000|  0%| F|  |TAMS 0x0000000093d00000, 0x0000000093d00000| Untracked 
| 318|0x0000000093e00000, 0x0000000093f00000, 0x0000000093f00000|100%| O|  |TAMS 0x0000000093f00000, 0x0000000093e00000| Untracked 
| 319|0x0000000093f00000, 0x0000000094000000, 0x0000000094000000|100%| O|  |TAMS 0x0000000094000000, 0x0000000093f00000| Untracked 
| 320|0x0000000094000000, 0x0000000094100000, 0x0000000094100000|100%| O|  |TAMS 0x0000000094100000, 0x0000000094000000| Untracked 
| 321|0x0000000094100000, 0x0000000094200000, 0x0000000094200000|100%| O|  |TAMS 0x0000000094200000, 0x0000000094100000| Untracked 
| 322|0x0000000094200000, 0x0000000094300000, 0x0000000094300000|100%| O|  |TAMS 0x0000000094300000, 0x0000000094200000| Complete 
| 323|0x0000000094300000, 0x0000000094400000, 0x0000000094400000|100%| O|  |TAMS 0x0000000094400000, 0x0000000094300000| Complete 
| 324|0x0000000094400000, 0x0000000094400000, 0x0000000094500000|  0%| F|  |TAMS 0x0000000094400000, 0x0000000094400000| Untracked 
| 325|0x0000000094500000, 0x0000000094500000, 0x0000000094600000|  0%| F|  |TAMS 0x0000000094500000, 0x0000000094500000| Untracked 
| 326|0x0000000094600000, 0x0000000094600000, 0x0000000094700000|  0%| F|  |TAMS 0x0000000094600000, 0x0000000094600000| Untracked 
| 327|0x0000000094700000, 0x0000000094700000, 0x0000000094800000|  0%| F|  |TAMS 0x0000000094700000, 0x0000000094700000| Untracked 
| 328|0x0000000094800000, 0x0000000094800000, 0x0000000094900000|  0%| F|  |TAMS 0x0000000094800000, 0x0000000094800000| Untracked 
| 329|0x0000000094900000, 0x0000000094a00000, 0x0000000094a00000|100%| O|  |TAMS 0x0000000094a00000, 0x0000000094900000| Complete 
| 330|0x0000000094a00000, 0x0000000094b00000, 0x0000000094b00000|100%| O|  |TAMS 0x0000000094b00000, 0x0000000094a00000| Untracked 
| 331|0x0000000094b00000, 0x0000000094b00000, 0x0000000094c00000|  0%| F|  |TAMS 0x0000000094b00000, 0x0000000094b00000| Untracked 
| 332|0x0000000094c00000, 0x0000000094c00000, 0x0000000094d00000|  0%| F|  |TAMS 0x0000000094c00000, 0x0000000094c00000| Untracked 
| 333|0x0000000094d00000, 0x0000000094d00000, 0x0000000094e00000|  0%| F|  |TAMS 0x0000000094d00000, 0x0000000094d00000| Untracked 
| 334|0x0000000094e00000, 0x0000000094e00000, 0x0000000094f00000|  0%| F|  |TAMS 0x0000000094e00000, 0x0000000094e00000| Untracked 
| 335|0x0000000094f00000, 0x0000000094f00000, 0x0000000095000000|  0%| F|  |TAMS 0x0000000094f00000, 0x0000000094f00000| Untracked 
| 336|0x0000000095000000, 0x0000000095000000, 0x0000000095100000|  0%| F|  |TAMS 0x0000000095000000, 0x0000000095000000| Untracked 
| 337|0x0000000095100000, 0x0000000095100000, 0x0000000095200000|  0%| F|  |TAMS 0x0000000095100000, 0x0000000095100000| Untracked 
| 338|0x0000000095200000, 0x0000000095200000, 0x0000000095300000|  0%| F|  |TAMS 0x0000000095200000, 0x0000000095200000| Untracked 
| 339|0x0000000095300000, 0x0000000095300000, 0x0000000095400000|  0%| F|  |TAMS 0x0000000095300000, 0x0000000095300000| Untracked 
| 340|0x0000000095400000, 0x0000000095400000, 0x0000000095500000|  0%| F|  |TAMS 0x0000000095400000, 0x0000000095400000| Untracked 
| 341|0x0000000095500000, 0x0000000095500000, 0x0000000095600000|  0%| F|  |TAMS 0x0000000095500000, 0x0000000095500000| Untracked 
| 342|0x0000000095600000, 0x0000000095600000, 0x0000000095700000|  0%| F|  |TAMS 0x0000000095600000, 0x0000000095600000| Untracked 
| 343|0x0000000095700000, 0x0000000095700000, 0x0000000095800000|  0%| F|  |TAMS 0x0000000095700000, 0x0000000095700000| Untracked 
| 344|0x0000000095800000, 0x0000000095800000, 0x0000000095900000|  0%| F|  |TAMS 0x0000000095800000, 0x0000000095800000| Untracked 
| 345|0x0000000095900000, 0x0000000095a00000, 0x0000000095a00000|100%| O|  |TAMS 0x0000000095a00000, 0x0000000095900000| Complete 
| 346|0x0000000095a00000, 0x0000000095b00000, 0x0000000095b00000|100%| O|  |TAMS 0x0000000095b00000, 0x0000000095a00000| Complete 
| 347|0x0000000095b00000, 0x0000000095b00000, 0x0000000095c00000|  0%| F|  |TAMS 0x0000000095b00000, 0x0000000095b00000| Untracked 
| 348|0x0000000095c00000, 0x0000000095d00000, 0x0000000095d00000|100%| O|  |TAMS 0x0000000095d00000, 0x0000000095c00000| Complete 
| 349|0x0000000095d00000, 0x0000000095e00000, 0x0000000095e00000|100%| O|  |TAMS 0x0000000095e00000, 0x0000000095d00000| Untracked 
| 350|0x0000000095e00000, 0x0000000095f00000, 0x0000000095f00000|100%| O|  |TAMS 0x0000000095f00000, 0x0000000095e00000| Complete 
| 351|0x0000000095f00000, 0x0000000096000000, 0x0000000096000000|100%| O|  |TAMS 0x0000000096000000, 0x0000000095f00000| Complete 
| 352|0x0000000096000000, 0x0000000096100000, 0x0000000096100000|100%| O|  |TAMS 0x0000000096100000, 0x0000000096000000| Untracked 
| 353|0x0000000096100000, 0x0000000096100000, 0x0000000096200000|  0%| F|  |TAMS 0x0000000096100000, 0x0000000096100000| Untracked 
| 354|0x0000000096200000, 0x0000000096300000, 0x0000000096300000|100%| O|  |TAMS 0x0000000096300000, 0x0000000096200000| Untracked 
| 355|0x0000000096300000, 0x0000000096300000, 0x0000000096400000|  0%| F|  |TAMS 0x0000000096300000, 0x0000000096300000| Untracked 
| 356|0x0000000096400000, 0x0000000096500000, 0x0000000096500000|100%| O|  |TAMS 0x0000000096500000, 0x0000000096400000| Complete 
| 357|0x0000000096500000, 0x0000000096600000, 0x0000000096600000|100%| O|  |TAMS 0x0000000096600000, 0x0000000096500000| Untracked 
| 358|0x0000000096600000, 0x0000000096700000, 0x0000000096700000|100%| O|  |TAMS 0x0000000096700000, 0x0000000096600000| Complete 
| 359|0x0000000096700000, 0x0000000096800000, 0x0000000096800000|100%| O|  |TAMS 0x0000000096800000, 0x0000000096700000| Untracked 
| 360|0x0000000096800000, 0x0000000096900000, 0x0000000096900000|100%| O|  |TAMS 0x0000000096900000, 0x0000000096800000| Complete 
| 361|0x0000000096900000, 0x0000000096a00000, 0x0000000096a00000|100%| O|  |TAMS 0x0000000096a00000, 0x0000000096900000| Complete 
| 362|0x0000000096a00000, 0x0000000096b00000, 0x0000000096b00000|100%| O|  |TAMS 0x0000000096b00000, 0x0000000096a00000| Complete 
| 363|0x0000000096b00000, 0x0000000096b00000, 0x0000000096c00000|  0%| F|  |TAMS 0x0000000096b00000, 0x0000000096b00000| Untracked 
| 364|0x0000000096c00000, 0x0000000096c00000, 0x0000000096d00000|  0%| F|  |TAMS 0x0000000096c00000, 0x0000000096c00000| Untracked 
| 365|0x0000000096d00000, 0x0000000096d00000, 0x0000000096e00000|  0%| F|  |TAMS 0x0000000096d00000, 0x0000000096d00000| Untracked 
| 366|0x0000000096e00000, 0x0000000096e00000, 0x0000000096f00000|  0%| F|  |TAMS 0x0000000096e00000, 0x0000000096e00000| Untracked 
| 367|0x0000000096f00000, 0x0000000096f00000, 0x0000000097000000|  0%| F|  |TAMS 0x0000000096f00000, 0x0000000096f00000| Untracked 
| 368|0x0000000097000000, 0x0000000097000000, 0x0000000097100000|  0%| F|  |TAMS 0x0000000097000000, 0x0000000097000000| Untracked 
| 369|0x0000000097100000, 0x0000000097200000, 0x0000000097200000|100%| O|  |TAMS 0x0000000097200000, 0x0000000097100000| Untracked 
| 370|0x0000000097200000, 0x0000000097300000, 0x0000000097300000|100%| O|  |TAMS 0x0000000097300000, 0x0000000097200000| Complete 
| 371|0x0000000097300000, 0x0000000097400000, 0x0000000097400000|100%| O|  |TAMS 0x0000000097400000, 0x0000000097300000| Complete 
| 372|0x0000000097400000, 0x0000000097500000, 0x0000000097500000|100%| O|  |TAMS 0x0000000097500000, 0x0000000097400000| Complete 
| 373|0x0000000097500000, 0x0000000097600000, 0x0000000097600000|100%| O|  |TAMS 0x0000000097600000, 0x0000000097500000| Complete 
| 374|0x0000000097600000, 0x0000000097600000, 0x0000000097700000|  0%| F|  |TAMS 0x0000000097600000, 0x0000000097600000| Untracked 
| 375|0x0000000097700000, 0x0000000097700000, 0x0000000097800000|  0%| F|  |TAMS 0x0000000097700000, 0x0000000097700000| Untracked 
| 376|0x0000000097800000, 0x0000000097800000, 0x0000000097900000|  0%| F|  |TAMS 0x0000000097800000, 0x0000000097800000| Untracked 
| 377|0x0000000097900000, 0x0000000097900000, 0x0000000097a00000|  0%| F|  |TAMS 0x0000000097900000, 0x0000000097900000| Untracked 
| 378|0x0000000097a00000, 0x0000000097a00000, 0x0000000097b00000|  0%| F|  |TAMS 0x0000000097a00000, 0x0000000097a00000| Untracked 
| 379|0x0000000097b00000, 0x0000000097c00000, 0x0000000097c00000|100%|HS|  |TAMS 0x0000000097c00000, 0x0000000097b00000| Complete 
| 380|0x0000000097c00000, 0x0000000097c00000, 0x0000000097d00000|  0%| F|  |TAMS 0x0000000097c00000, 0x0000000097c00000| Untracked 
| 381|0x0000000097d00000, 0x0000000097d00000, 0x0000000097e00000|  0%| F|  |TAMS 0x0000000097d00000, 0x0000000097d00000| Untracked 
| 382|0x0000000097e00000, 0x0000000097e00000, 0x0000000097f00000|  0%| F|  |TAMS 0x0000000097e00000, 0x0000000097e00000| Untracked 
| 383|0x0000000097f00000, 0x0000000098000000, 0x0000000098000000|100%| O|  |TAMS 0x0000000098000000, 0x0000000097f00000| Untracked 
| 384|0x0000000098000000, 0x0000000098100000, 0x0000000098100000|100%| O|  |TAMS 0x0000000098100000, 0x0000000098000000| Complete 
| 385|0x0000000098100000, 0x0000000098200000, 0x0000000098200000|100%| O|  |TAMS 0x0000000098200000, 0x0000000098100000| Untracked 
| 386|0x0000000098200000, 0x0000000098300000, 0x0000000098300000|100%| O|  |TAMS 0x0000000098300000, 0x0000000098200000| Untracked 
| 387|0x0000000098300000, 0x0000000098400000, 0x0000000098400000|100%| O|  |TAMS 0x0000000098400000, 0x0000000098300000| Untracked 
| 388|0x0000000098400000, 0x0000000098500000, 0x0000000098500000|100%| O|  |TAMS 0x0000000098500000, 0x0000000098400000| Untracked 
| 389|0x0000000098500000, 0x0000000098600000, 0x0000000098600000|100%| O|  |TAMS 0x0000000098600000, 0x0000000098500000| Complete 
| 390|0x0000000098600000, 0x0000000098700000, 0x0000000098700000|100%| O|  |TAMS 0x0000000098700000, 0x0000000098600000| Complete 
| 391|0x0000000098700000, 0x0000000098700000, 0x0000000098800000|  0%| F|  |TAMS 0x0000000098700000, 0x0000000098700000| Untracked 
| 392|0x0000000098800000, 0x0000000098800000, 0x0000000098900000|  0%| F|  |TAMS 0x0000000098800000, 0x0000000098800000| Untracked 
| 393|0x0000000098900000, 0x0000000098900000, 0x0000000098a00000|  0%| F|  |TAMS 0x0000000098900000, 0x0000000098900000| Untracked 
| 394|0x0000000098a00000, 0x0000000098a00000, 0x0000000098b00000|  0%| F|  |TAMS 0x0000000098a00000, 0x0000000098a00000| Untracked 
| 395|0x0000000098b00000, 0x0000000098b00000, 0x0000000098c00000|  0%| F|  |TAMS 0x0000000098b00000, 0x0000000098b00000| Untracked 
| 396|0x0000000098c00000, 0x0000000098c00000, 0x0000000098d00000|  0%| F|  |TAMS 0x0000000098c00000, 0x0000000098c00000| Untracked 
| 397|0x0000000098d00000, 0x0000000098d00000, 0x0000000098e00000|  0%| F|  |TAMS 0x0000000098d00000, 0x0000000098d00000| Untracked 
| 398|0x0000000098e00000, 0x0000000098e00000, 0x0000000098f00000|  0%| F|  |TAMS 0x0000000098e00000, 0x0000000098e00000| Untracked 
| 399|0x0000000098f00000, 0x0000000098f00000, 0x0000000099000000|  0%| F|  |TAMS 0x0000000098f00000, 0x0000000098f00000| Untracked 
| 400|0x0000000099000000, 0x0000000099000000, 0x0000000099100000|  0%| F|  |TAMS 0x0000000099000000, 0x0000000099000000| Untracked 
| 401|0x0000000099100000, 0x0000000099100000, 0x0000000099200000|  0%| F|  |TAMS 0x0000000099100000, 0x0000000099100000| Untracked 
| 402|0x0000000099200000, 0x0000000099300000, 0x0000000099300000|100%| O|  |TAMS 0x0000000099300000, 0x0000000099200000| Untracked 
| 403|0x0000000099300000, 0x0000000099400000, 0x0000000099400000|100%| O|  |TAMS 0x0000000099400000, 0x0000000099300000| Complete 
| 404|0x0000000099400000, 0x0000000099500000, 0x0000000099500000|100%| O|  |TAMS 0x0000000099500000, 0x0000000099400000| Complete 
| 405|0x0000000099500000, 0x0000000099500000, 0x0000000099600000|  0%| F|  |TAMS 0x0000000099500000, 0x0000000099500000| Untracked 
| 406|0x0000000099600000, 0x0000000099600000, 0x0000000099700000|  0%| F|  |TAMS 0x0000000099600000, 0x0000000099600000| Untracked 
| 407|0x0000000099700000, 0x0000000099700000, 0x0000000099800000|  0%| F|  |TAMS 0x0000000099700000, 0x0000000099700000| Untracked 
| 408|0x0000000099800000, 0x0000000099800000, 0x0000000099900000|  0%| F|  |TAMS 0x0000000099800000, 0x0000000099800000| Untracked 
| 409|0x0000000099900000, 0x0000000099900000, 0x0000000099a00000|  0%| F|  |TAMS 0x0000000099900000, 0x0000000099900000| Untracked 
| 410|0x0000000099a00000, 0x0000000099b00000, 0x0000000099b00000|100%| O|  |TAMS 0x0000000099b00000, 0x0000000099a00000| Complete 
| 411|0x0000000099b00000, 0x0000000099b00000, 0x0000000099c00000|  0%| F|  |TAMS 0x0000000099b00000, 0x0000000099b00000| Untracked 
| 412|0x0000000099c00000, 0x0000000099d00000, 0x0000000099d00000|100%| O|  |TAMS 0x0000000099d00000, 0x0000000099c00000| Untracked 
| 413|0x0000000099d00000, 0x0000000099e00000, 0x0000000099e00000|100%| O|  |TAMS 0x0000000099e00000, 0x0000000099d00000| Untracked 
| 414|0x0000000099e00000, 0x0000000099f00000, 0x0000000099f00000|100%| O|  |TAMS 0x0000000099f00000, 0x0000000099e00000| Untracked 
| 415|0x0000000099f00000, 0x000000009a000000, 0x000000009a000000|100%| O|  |TAMS 0x000000009a000000, 0x0000000099f00000| Untracked 
| 416|0x000000009a000000, 0x000000009a100000, 0x000000009a100000|100%| O|  |TAMS 0x000000009a100000, 0x000000009a000000| Untracked 
| 417|0x000000009a100000, 0x000000009a200000, 0x000000009a200000|100%| O|  |TAMS 0x000000009a200000, 0x000000009a100000| Complete 
| 418|0x000000009a200000, 0x000000009a300000, 0x000000009a300000|100%| O|  |TAMS 0x000000009a300000, 0x000000009a200000| Complete 
| 419|0x000000009a300000, 0x000000009a300000, 0x000000009a400000|  0%| F|  |TAMS 0x000000009a300000, 0x000000009a300000| Untracked 
| 420|0x000000009a400000, 0x000000009a500000, 0x000000009a500000|100%| O|  |TAMS 0x000000009a500000, 0x000000009a400000| Complete 
| 421|0x000000009a500000, 0x000000009a500000, 0x000000009a600000|  0%| F|  |TAMS 0x000000009a500000, 0x000000009a500000| Untracked 
| 422|0x000000009a600000, 0x000000009a700000, 0x000000009a700000|100%| O|  |TAMS 0x000000009a700000, 0x000000009a600000| Untracked 
| 423|0x000000009a700000, 0x000000009a700000, 0x000000009a800000|  0%| F|  |TAMS 0x000000009a700000, 0x000000009a700000| Untracked 
| 424|0x000000009a800000, 0x000000009a800000, 0x000000009a900000|  0%| F|  |TAMS 0x000000009a800000, 0x000000009a800000| Untracked 
| 425|0x000000009a900000, 0x000000009a900000, 0x000000009aa00000|  0%| F|  |TAMS 0x000000009a900000, 0x000000009a900000| Untracked 
| 426|0x000000009aa00000, 0x000000009aa00000, 0x000000009ab00000|  0%| F|  |TAMS 0x000000009aa00000, 0x000000009aa00000| Untracked 
| 427|0x000000009ab00000, 0x000000009ab00000, 0x000000009ac00000|  0%| F|  |TAMS 0x000000009ab00000, 0x000000009ab00000| Untracked 
| 428|0x000000009ac00000, 0x000000009ac00000, 0x000000009ad00000|  0%| F|  |TAMS 0x000000009ac00000, 0x000000009ac00000| Untracked 
| 429|0x000000009ad00000, 0x000000009ad00000, 0x000000009ae00000|  0%| F|  |TAMS 0x000000009ad00000, 0x000000009ad00000| Untracked 
| 430|0x000000009ae00000, 0x000000009ae00000, 0x000000009af00000|  0%| F|  |TAMS 0x000000009ae00000, 0x000000009ae00000| Untracked 
| 431|0x000000009af00000, 0x000000009af00000, 0x000000009b000000|  0%| F|  |TAMS 0x000000009af00000, 0x000000009af00000| Untracked 
| 432|0x000000009b000000, 0x000000009b000000, 0x000000009b100000|  0%| F|  |TAMS 0x000000009b000000, 0x000000009b000000| Untracked 
| 433|0x000000009b100000, 0x000000009b100000, 0x000000009b200000|  0%| F|  |TAMS 0x000000009b100000, 0x000000009b100000| Untracked 
| 434|0x000000009b200000, 0x000000009b200000, 0x000000009b300000|  0%| F|  |TAMS 0x000000009b200000, 0x000000009b200000| Untracked 
| 435|0x000000009b300000, 0x000000009b300000, 0x000000009b400000|  0%| F|  |TAMS 0x000000009b300000, 0x000000009b300000| Untracked 
| 436|0x000000009b400000, 0x000000009b400000, 0x000000009b500000|  0%| F|  |TAMS 0x000000009b400000, 0x000000009b400000| Untracked 
| 437|0x000000009b500000, 0x000000009b500000, 0x000000009b600000|  0%| F|  |TAMS 0x000000009b500000, 0x000000009b500000| Untracked 
| 438|0x000000009b600000, 0x000000009b600000, 0x000000009b700000|  0%| F|  |TAMS 0x000000009b600000, 0x000000009b600000| Untracked 
| 439|0x000000009b700000, 0x000000009b700000, 0x000000009b800000|  0%| F|  |TAMS 0x000000009b700000, 0x000000009b700000| Untracked 
| 440|0x000000009b800000, 0x000000009b800000, 0x000000009b900000|  0%| F|  |TAMS 0x000000009b800000, 0x000000009b800000| Untracked 
| 441|0x000000009b900000, 0x000000009b900000, 0x000000009ba00000|  0%| F|  |TAMS 0x000000009b900000, 0x000000009b900000| Untracked 
| 442|0x000000009ba00000, 0x000000009bb00000, 0x000000009bb00000|100%| O|  |TAMS 0x000000009bb00000, 0x000000009ba00000| Complete 
| 443|0x000000009bb00000, 0x000000009bb00000, 0x000000009bc00000|  0%| F|  |TAMS 0x000000009bb00000, 0x000000009bb00000| Untracked 
| 444|0x000000009bc00000, 0x000000009bd00000, 0x000000009bd00000|100%| O|  |TAMS 0x000000009bd00000, 0x000000009bc00000| Complete 
| 445|0x000000009bd00000, 0x000000009be00000, 0x000000009be00000|100%| O|  |TAMS 0x000000009be00000, 0x000000009bd00000| Complete 
| 446|0x000000009be00000, 0x000000009bf00000, 0x000000009bf00000|100%| O|  |TAMS 0x000000009bf00000, 0x000000009be00000| Complete 
| 447|0x000000009bf00000, 0x000000009c000000, 0x000000009c000000|100%| O|  |TAMS 0x000000009c000000, 0x000000009bf00000| Complete 
| 448|0x000000009c000000, 0x000000009c000000, 0x000000009c100000|  0%| F|  |TAMS 0x000000009c000000, 0x000000009c000000| Untracked 
| 449|0x000000009c100000, 0x000000009c100000, 0x000000009c200000|  0%| F|  |TAMS 0x000000009c100000, 0x000000009c100000| Untracked 
| 450|0x000000009c200000, 0x000000009c200000, 0x000000009c300000|  0%| F|  |TAMS 0x000000009c200000, 0x000000009c200000| Untracked 
| 451|0x000000009c300000, 0x000000009c400000, 0x000000009c400000|100%| O|  |TAMS 0x000000009c400000, 0x000000009c300000| Complete 
| 452|0x000000009c400000, 0x000000009c500000, 0x000000009c500000|100%| O|  |TAMS 0x000000009c500000, 0x000000009c400000| Untracked 
| 453|0x000000009c500000, 0x000000009c600000, 0x000000009c600000|100%| O|  |TAMS 0x000000009c600000, 0x000000009c500000| Complete 
| 454|0x000000009c600000, 0x000000009c700000, 0x000000009c700000|100%| O|  |TAMS 0x000000009c700000, 0x000000009c600000| Complete 
| 455|0x000000009c700000, 0x000000009c800000, 0x000000009c800000|100%| O|  |TAMS 0x000000009c800000, 0x000000009c700000| Complete 
| 456|0x000000009c800000, 0x000000009c800000, 0x000000009c900000|  0%| F|  |TAMS 0x000000009c800000, 0x000000009c800000| Untracked 
| 457|0x000000009c900000, 0x000000009c900000, 0x000000009ca00000|  0%| F|  |TAMS 0x000000009c900000, 0x000000009c900000| Untracked 
| 458|0x000000009ca00000, 0x000000009cb00000, 0x000000009cb00000|100%| O|  |TAMS 0x000000009cb00000, 0x000000009ca00000| Complete 
| 459|0x000000009cb00000, 0x000000009cc00000, 0x000000009cc00000|100%| O|  |TAMS 0x000000009cc00000, 0x000000009cb00000| Complete 
| 460|0x000000009cc00000, 0x000000009cd00000, 0x000000009cd00000|100%| O|  |TAMS 0x000000009cd00000, 0x000000009cc00000| Complete 
| 461|0x000000009cd00000, 0x000000009cd00000, 0x000000009ce00000|  0%| F|  |TAMS 0x000000009cd00000, 0x000000009cd00000| Untracked 
| 462|0x000000009ce00000, 0x000000009ce00000, 0x000000009cf00000|  0%| F|  |TAMS 0x000000009ce00000, 0x000000009ce00000| Untracked 
| 463|0x000000009cf00000, 0x000000009d000000, 0x000000009d000000|100%| O|  |TAMS 0x000000009d000000, 0x000000009cf00000| Complete 
| 464|0x000000009d000000, 0x000000009d000000, 0x000000009d100000|  0%| F|  |TAMS 0x000000009d000000, 0x000000009d000000| Untracked 
| 465|0x000000009d100000, 0x000000009d200000, 0x000000009d200000|100%| O|  |TAMS 0x000000009d200000, 0x000000009d100000| Complete 
| 466|0x000000009d200000, 0x000000009d300000, 0x000000009d300000|100%| O|  |TAMS 0x000000009d300000, 0x000000009d200000| Complete 
| 467|0x000000009d300000, 0x000000009d400000, 0x000000009d400000|100%| O|  |TAMS 0x000000009d400000, 0x000000009d300000| Complete 
| 468|0x000000009d400000, 0x000000009d500000, 0x000000009d500000|100%| O|  |TAMS 0x000000009d500000, 0x000000009d400000| Untracked 
| 469|0x000000009d500000, 0x000000009d600000, 0x000000009d600000|100%| O|  |TAMS 0x000000009d600000, 0x000000009d500000| Untracked 
| 470|0x000000009d600000, 0x000000009d600000, 0x000000009d700000|  0%| F|  |TAMS 0x000000009d600000, 0x000000009d600000| Untracked 
| 471|0x000000009d700000, 0x000000009d800000, 0x000000009d800000|100%| O|  |TAMS 0x000000009d800000, 0x000000009d700000| Complete 
| 472|0x000000009d800000, 0x000000009d800000, 0x000000009d900000|  0%| F|  |TAMS 0x000000009d800000, 0x000000009d800000| Untracked 
| 473|0x000000009d900000, 0x000000009da00000, 0x000000009da00000|100%| O|  |TAMS 0x000000009da00000, 0x000000009d900000| Untracked 
| 474|0x000000009da00000, 0x000000009da00000, 0x000000009db00000|  0%| F|  |TAMS 0x000000009da00000, 0x000000009da00000| Untracked 
| 475|0x000000009db00000, 0x000000009dc00000, 0x000000009dc00000|100%| O|  |TAMS 0x000000009dc00000, 0x000000009db00000| Complete 
| 476|0x000000009dc00000, 0x000000009dd00000, 0x000000009dd00000|100%| O|  |TAMS 0x000000009dd00000, 0x000000009dc00000| Complete 
| 477|0x000000009dd00000, 0x000000009de00000, 0x000000009de00000|100%| O|  |TAMS 0x000000009de00000, 0x000000009dd00000| Untracked 
| 478|0x000000009de00000, 0x000000009df00000, 0x000000009df00000|100%| O|  |TAMS 0x000000009df00000, 0x000000009de00000| Untracked 
| 479|0x000000009df00000, 0x000000009e000000, 0x000000009e000000|100%| O|  |TAMS 0x000000009e000000, 0x000000009df00000| Untracked 
| 480|0x000000009e000000, 0x000000009e100000, 0x000000009e100000|100%| O|  |TAMS 0x000000009e100000, 0x000000009e000000| Untracked 
| 481|0x000000009e100000, 0x000000009e200000, 0x000000009e200000|100%| O|  |TAMS 0x000000009e200000, 0x000000009e100000| Untracked 
| 482|0x000000009e200000, 0x000000009e300000, 0x000000009e300000|100%| O|  |TAMS 0x000000009e300000, 0x000000009e200000| Untracked 
| 483|0x000000009e300000, 0x000000009e400000, 0x000000009e400000|100%| O|  |TAMS 0x000000009e400000, 0x000000009e300000| Untracked 
| 484|0x000000009e400000, 0x000000009e500000, 0x000000009e500000|100%| O|  |TAMS 0x000000009e500000, 0x000000009e400000| Untracked 
| 485|0x000000009e500000, 0x000000009e600000, 0x000000009e600000|100%| O|  |TAMS 0x000000009e600000, 0x000000009e500000| Untracked 
| 486|0x000000009e600000, 0x000000009e700000, 0x000000009e700000|100%| O|  |TAMS 0x000000009e700000, 0x000000009e600000| Untracked 
| 487|0x000000009e700000, 0x000000009e800000, 0x000000009e800000|100%| O|  |TAMS 0x000000009e800000, 0x000000009e700000| Untracked 
| 488|0x000000009e800000, 0x000000009e900000, 0x000000009e900000|100%| O|  |TAMS 0x000000009e900000, 0x000000009e800000| Untracked 
| 489|0x000000009e900000, 0x000000009ea00000, 0x000000009ea00000|100%| O|  |TAMS 0x000000009ea00000, 0x000000009e900000| Untracked 
| 490|0x000000009ea00000, 0x000000009eb00000, 0x000000009eb00000|100%| O|  |TAMS 0x000000009eb00000, 0x000000009ea00000| Untracked 
| 491|0x000000009eb00000, 0x000000009ec00000, 0x000000009ec00000|100%| O|  |TAMS 0x000000009ec00000, 0x000000009eb00000| Untracked 
| 492|0x000000009ec00000, 0x000000009ed00000, 0x000000009ed00000|100%| O|  |TAMS 0x000000009ed00000, 0x000000009ec00000| Untracked 
| 493|0x000000009ed00000, 0x000000009ee00000, 0x000000009ee00000|100%| O|  |TAMS 0x000000009ee00000, 0x000000009ed00000| Untracked 
| 494|0x000000009ee00000, 0x000000009ef00000, 0x000000009ef00000|100%| O|  |TAMS 0x000000009ef00000, 0x000000009ee00000| Untracked 
| 495|0x000000009ef00000, 0x000000009f000000, 0x000000009f000000|100%| O|  |TAMS 0x000000009f000000, 0x000000009ef00000| Untracked 
| 496|0x000000009f000000, 0x000000009f100000, 0x000000009f100000|100%| O|  |TAMS 0x000000009f100000, 0x000000009f000000| Untracked 
| 497|0x000000009f100000, 0x000000009f200000, 0x000000009f200000|100%| O|  |TAMS 0x000000009f200000, 0x000000009f100000| Untracked 
| 498|0x000000009f200000, 0x000000009f300000, 0x000000009f300000|100%| O|  |TAMS 0x000000009f300000, 0x000000009f200000| Untracked 
| 499|0x000000009f300000, 0x000000009f400000, 0x000000009f400000|100%| O|  |TAMS 0x000000009f400000, 0x000000009f300000| Untracked 
| 500|0x000000009f400000, 0x000000009f500000, 0x000000009f500000|100%| O|  |TAMS 0x000000009f500000, 0x000000009f400000| Untracked 
| 501|0x000000009f500000, 0x000000009f600000, 0x000000009f600000|100%| O|  |TAMS 0x000000009f600000, 0x000000009f500000| Untracked 
| 502|0x000000009f600000, 0x000000009f700000, 0x000000009f700000|100%| O|  |TAMS 0x000000009f700000, 0x000000009f600000| Untracked 
| 503|0x000000009f700000, 0x000000009f800000, 0x000000009f800000|100%| O|  |TAMS 0x000000009f800000, 0x000000009f700000| Untracked 
| 504|0x000000009f800000, 0x000000009f900000, 0x000000009f900000|100%| O|  |TAMS 0x000000009f900000, 0x000000009f800000| Untracked 
| 505|0x000000009f900000, 0x000000009fa00000, 0x000000009fa00000|100%| O|  |TAMS 0x000000009fa00000, 0x000000009f900000| Untracked 
| 506|0x000000009fa00000, 0x000000009fb00000, 0x000000009fb00000|100%| O|  |TAMS 0x000000009fb00000, 0x000000009fa00000| Untracked 
| 507|0x000000009fb00000, 0x000000009fc00000, 0x000000009fc00000|100%| O|  |TAMS 0x000000009fb2b000, 0x000000009fb00000| Untracked 
| 508|0x000000009fc00000, 0x000000009fd00000, 0x000000009fd00000|100%| O|  |TAMS 0x000000009fc00000, 0x000000009fc00000| Untracked 
| 509|0x000000009fd00000, 0x000000009fe00000, 0x000000009fe00000|100%| O|  |TAMS 0x000000009fd00000, 0x000000009fd00000| Untracked 
| 510|0x000000009fe00000, 0x000000009ff00000, 0x000000009ff00000|100%| O|  |TAMS 0x000000009fe00000, 0x000000009fe00000| Untracked 
| 511|0x000000009ff00000, 0x00000000a0000000, 0x00000000a0000000|100%| O|  |TAMS 0x000000009ff00000, 0x000000009ff00000| Untracked 
| 512|0x00000000a0000000, 0x00000000a0100000, 0x00000000a0100000|100%| O|  |TAMS 0x00000000a0000000, 0x00000000a0000000| Untracked 
| 513|0x00000000a0100000, 0x00000000a0200000, 0x00000000a0200000|100%| O|  |TAMS 0x00000000a0100000, 0x00000000a0100000| Untracked 
| 514|0x00000000a0200000, 0x00000000a0300000, 0x00000000a0300000|100%| O|  |TAMS 0x00000000a0200000, 0x00000000a0200000| Untracked 
| 515|0x00000000a0300000, 0x00000000a0400000, 0x00000000a0400000|100%| O|  |TAMS 0x00000000a0300000, 0x00000000a0300000| Untracked 
| 516|0x00000000a0400000, 0x00000000a0500000, 0x00000000a0500000|100%| O|  |TAMS 0x00000000a0400000, 0x00000000a0400000| Untracked 
| 517|0x00000000a0500000, 0x00000000a0600000, 0x00000000a0600000|100%| O|  |TAMS 0x00000000a0500000, 0x00000000a0500000| Untracked 
| 518|0x00000000a0600000, 0x00000000a0700000, 0x00000000a0700000|100%| O|  |TAMS 0x00000000a0600000, 0x00000000a0600000| Untracked 
| 519|0x00000000a0700000, 0x00000000a0800000, 0x00000000a0800000|100%| O|  |TAMS 0x00000000a0700000, 0x00000000a0700000| Untracked 
| 520|0x00000000a0800000, 0x00000000a0900000, 0x00000000a0900000|100%| O|  |TAMS 0x00000000a0800000, 0x00000000a0800000| Untracked 
| 521|0x00000000a0900000, 0x00000000a0a00000, 0x00000000a0a00000|100%| O|  |TAMS 0x00000000a0900000, 0x00000000a0900000| Untracked 
| 522|0x00000000a0a00000, 0x00000000a0b00000, 0x00000000a0b00000|100%| O|  |TAMS 0x00000000a0a00000, 0x00000000a0a00000| Untracked 
| 523|0x00000000a0b00000, 0x00000000a0c00000, 0x00000000a0c00000|100%| O|  |TAMS 0x00000000a0b00000, 0x00000000a0b00000| Untracked 
| 524|0x00000000a0c00000, 0x00000000a0c00000, 0x00000000a0d00000|  0%| F|  |TAMS 0x00000000a0c00000, 0x00000000a0c00000| Untracked 
| 525|0x00000000a0d00000, 0x00000000a0d00000, 0x00000000a0e00000|  0%| F|  |TAMS 0x00000000a0d00000, 0x00000000a0d00000| Untracked 
| 526|0x00000000a0e00000, 0x00000000a0e00000, 0x00000000a0f00000|  0%| F|  |TAMS 0x00000000a0e00000, 0x00000000a0e00000| Untracked 
| 527|0x00000000a0f00000, 0x00000000a0f00000, 0x00000000a1000000|  0%| F|  |TAMS 0x00000000a0f00000, 0x00000000a0f00000| Untracked 
| 528|0x00000000a1000000, 0x00000000a1000000, 0x00000000a1100000|  0%| F|  |TAMS 0x00000000a1000000, 0x00000000a1000000| Untracked 
| 529|0x00000000a1100000, 0x00000000a1100000, 0x00000000a1200000|  0%| F|  |TAMS 0x00000000a1100000, 0x00000000a1100000| Untracked 
| 530|0x00000000a1200000, 0x00000000a1200000, 0x00000000a1300000|  0%| F|  |TAMS 0x00000000a1200000, 0x00000000a1200000| Untracked 
| 531|0x00000000a1300000, 0x00000000a1300000, 0x00000000a1400000|  0%| F|  |TAMS 0x00000000a1300000, 0x00000000a1300000| Untracked 
| 532|0x00000000a1400000, 0x00000000a1400000, 0x00000000a1500000|  0%| F|  |TAMS 0x00000000a1400000, 0x00000000a1400000| Untracked 
| 533|0x00000000a1500000, 0x00000000a1500000, 0x00000000a1600000|  0%| F|  |TAMS 0x00000000a1500000, 0x00000000a1500000| Untracked 
| 534|0x00000000a1600000, 0x00000000a1600000, 0x00000000a1700000|  0%| F|  |TAMS 0x00000000a1600000, 0x00000000a1600000| Untracked 
| 535|0x00000000a1700000, 0x00000000a1700000, 0x00000000a1800000|  0%| F|  |TAMS 0x00000000a1700000, 0x00000000a1700000| Untracked 
| 536|0x00000000a1800000, 0x00000000a1800000, 0x00000000a1900000|  0%| F|  |TAMS 0x00000000a1800000, 0x00000000a1800000| Untracked 
| 537|0x00000000a1900000, 0x00000000a1900000, 0x00000000a1a00000|  0%| F|  |TAMS 0x00000000a1900000, 0x00000000a1900000| Untracked 
| 538|0x00000000a1a00000, 0x00000000a1a00000, 0x00000000a1b00000|  0%| F|  |TAMS 0x00000000a1a00000, 0x00000000a1a00000| Untracked 
| 539|0x00000000a1b00000, 0x00000000a1b00000, 0x00000000a1c00000|  0%| F|  |TAMS 0x00000000a1b00000, 0x00000000a1b00000| Untracked 
| 540|0x00000000a1c00000, 0x00000000a1c00000, 0x00000000a1d00000|  0%| F|  |TAMS 0x00000000a1c00000, 0x00000000a1c00000| Untracked 
| 541|0x00000000a1d00000, 0x00000000a1d00000, 0x00000000a1e00000|  0%| F|  |TAMS 0x00000000a1d00000, 0x00000000a1d00000| Untracked 
| 542|0x00000000a1e00000, 0x00000000a1e00000, 0x00000000a1f00000|  0%| F|  |TAMS 0x00000000a1e00000, 0x00000000a1e00000| Untracked 
| 543|0x00000000a1f00000, 0x00000000a1f00000, 0x00000000a2000000|  0%| F|  |TAMS 0x00000000a1f00000, 0x00000000a1f00000| Untracked 
| 544|0x00000000a2000000, 0x00000000a2000000, 0x00000000a2100000|  0%| F|  |TAMS 0x00000000a2000000, 0x00000000a2000000| Untracked 
| 545|0x00000000a2100000, 0x00000000a2100000, 0x00000000a2200000|  0%| F|  |TAMS 0x00000000a2100000, 0x00000000a2100000| Untracked 
| 546|0x00000000a2200000, 0x00000000a2200000, 0x00000000a2300000|  0%| F|  |TAMS 0x00000000a2200000, 0x00000000a2200000| Untracked 
| 547|0x00000000a2300000, 0x00000000a2300000, 0x00000000a2400000|  0%| F|  |TAMS 0x00000000a2300000, 0x00000000a2300000| Untracked 
| 548|0x00000000a2400000, 0x00000000a2400000, 0x00000000a2500000|  0%| F|  |TAMS 0x00000000a2400000, 0x00000000a2400000| Untracked 
| 549|0x00000000a2500000, 0x00000000a2500000, 0x00000000a2600000|  0%| F|  |TAMS 0x00000000a2500000, 0x00000000a2500000| Untracked 
| 550|0x00000000a2600000, 0x00000000a2600000, 0x00000000a2700000|  0%| F|  |TAMS 0x00000000a2600000, 0x00000000a2600000| Untracked 
| 551|0x00000000a2700000, 0x00000000a2700000, 0x00000000a2800000|  0%| F|  |TAMS 0x00000000a2700000, 0x00000000a2700000| Untracked 
| 552|0x00000000a2800000, 0x00000000a2800000, 0x00000000a2900000|  0%| F|  |TAMS 0x00000000a2800000, 0x00000000a2800000| Untracked 
| 553|0x00000000a2900000, 0x00000000a2900000, 0x00000000a2a00000|  0%| F|  |TAMS 0x00000000a2900000, 0x00000000a2900000| Untracked 
| 554|0x00000000a2a00000, 0x00000000a2a00000, 0x00000000a2b00000|  0%| F|  |TAMS 0x00000000a2a00000, 0x00000000a2a00000| Untracked 
| 555|0x00000000a2b00000, 0x00000000a2b00000, 0x00000000a2c00000|  0%| F|  |TAMS 0x00000000a2b00000, 0x00000000a2b00000| Untracked 
| 556|0x00000000a2c00000, 0x00000000a2c00000, 0x00000000a2d00000|  0%| F|  |TAMS 0x00000000a2c00000, 0x00000000a2c00000| Untracked 
| 557|0x00000000a2d00000, 0x00000000a2d00000, 0x00000000a2e00000|  0%| F|  |TAMS 0x00000000a2d00000, 0x00000000a2d00000| Untracked 
| 558|0x00000000a2e00000, 0x00000000a2e00000, 0x00000000a2f00000|  0%| F|  |TAMS 0x00000000a2e00000, 0x00000000a2e00000| Untracked 
| 559|0x00000000a2f00000, 0x00000000a2f00000, 0x00000000a3000000|  0%| F|  |TAMS 0x00000000a2f00000, 0x00000000a2f00000| Untracked 
| 560|0x00000000a3000000, 0x00000000a3000000, 0x00000000a3100000|  0%| F|  |TAMS 0x00000000a3000000, 0x00000000a3000000| Untracked 
| 561|0x00000000a3100000, 0x00000000a3100000, 0x00000000a3200000|  0%| F|  |TAMS 0x00000000a3100000, 0x00000000a3100000| Untracked 
| 562|0x00000000a3200000, 0x00000000a3200000, 0x00000000a3300000|  0%| F|  |TAMS 0x00000000a3200000, 0x00000000a3200000| Untracked 
| 563|0x00000000a3300000, 0x00000000a3300000, 0x00000000a3400000|  0%| F|  |TAMS 0x00000000a3300000, 0x00000000a3300000| Untracked 
| 564|0x00000000a3400000, 0x00000000a3400000, 0x00000000a3500000|  0%| F|  |TAMS 0x00000000a3400000, 0x00000000a3400000| Untracked 
| 565|0x00000000a3500000, 0x00000000a3500000, 0x00000000a3600000|  0%| F|  |TAMS 0x00000000a3500000, 0x00000000a3500000| Untracked 
| 566|0x00000000a3600000, 0x00000000a3600000, 0x00000000a3700000|  0%| F|  |TAMS 0x00000000a3600000, 0x00000000a3600000| Untracked 
| 567|0x00000000a3700000, 0x00000000a3700000, 0x00000000a3800000|  0%| F|  |TAMS 0x00000000a3700000, 0x00000000a3700000| Untracked 
| 568|0x00000000a3800000, 0x00000000a3800000, 0x00000000a3900000|  0%| F|  |TAMS 0x00000000a3800000, 0x00000000a3800000| Untracked 
| 569|0x00000000a3900000, 0x00000000a3900000, 0x00000000a3a00000|  0%| F|  |TAMS 0x00000000a3900000, 0x00000000a3900000| Untracked 
| 570|0x00000000a3a00000, 0x00000000a3a00000, 0x00000000a3b00000|  0%| F|  |TAMS 0x00000000a3a00000, 0x00000000a3a00000| Untracked 
| 571|0x00000000a3b00000, 0x00000000a3b00000, 0x00000000a3c00000|  0%| F|  |TAMS 0x00000000a3b00000, 0x00000000a3b00000| Untracked 
| 572|0x00000000a3c00000, 0x00000000a3c00000, 0x00000000a3d00000|  0%| F|  |TAMS 0x00000000a3c00000, 0x00000000a3c00000| Untracked 
| 573|0x00000000a3d00000, 0x00000000a3d00000, 0x00000000a3e00000|  0%| F|  |TAMS 0x00000000a3d00000, 0x00000000a3d00000| Untracked 
| 574|0x00000000a3e00000, 0x00000000a3e00000, 0x00000000a3f00000|  0%| F|  |TAMS 0x00000000a3e00000, 0x00000000a3e00000| Untracked 
| 575|0x00000000a3f00000, 0x00000000a3f00000, 0x00000000a4000000|  0%| F|  |TAMS 0x00000000a3f00000, 0x00000000a3f00000| Untracked 
| 576|0x00000000a4000000, 0x00000000a4000000, 0x00000000a4100000|  0%| F|  |TAMS 0x00000000a4000000, 0x00000000a4000000| Untracked 
| 577|0x00000000a4100000, 0x00000000a4100000, 0x00000000a4200000|  0%| F|  |TAMS 0x00000000a4100000, 0x00000000a4100000| Untracked 
| 578|0x00000000a4200000, 0x00000000a4200000, 0x00000000a4300000|  0%| F|  |TAMS 0x00000000a4200000, 0x00000000a4200000| Untracked 
| 579|0x00000000a4300000, 0x00000000a4300000, 0x00000000a4400000|  0%| F|  |TAMS 0x00000000a4300000, 0x00000000a4300000| Untracked 
| 580|0x00000000a4400000, 0x00000000a4400000, 0x00000000a4500000|  0%| F|  |TAMS 0x00000000a4400000, 0x00000000a4400000| Untracked 
| 581|0x00000000a4500000, 0x00000000a4500000, 0x00000000a4600000|  0%| F|  |TAMS 0x00000000a4500000, 0x00000000a4500000| Untracked 
| 582|0x00000000a4600000, 0x00000000a4600000, 0x00000000a4700000|  0%| F|  |TAMS 0x00000000a4600000, 0x00000000a4600000| Untracked 
| 583|0x00000000a4700000, 0x00000000a4700000, 0x00000000a4800000|  0%| F|  |TAMS 0x00000000a4700000, 0x00000000a4700000| Untracked 
| 584|0x00000000a4800000, 0x00000000a4800000, 0x00000000a4900000|  0%| F|  |TAMS 0x00000000a4800000, 0x00000000a4800000| Untracked 
| 585|0x00000000a4900000, 0x00000000a4900000, 0x00000000a4a00000|  0%| F|  |TAMS 0x00000000a4900000, 0x00000000a4900000| Untracked 
| 586|0x00000000a4a00000, 0x00000000a4a00000, 0x00000000a4b00000|  0%| F|  |TAMS 0x00000000a4a00000, 0x00000000a4a00000| Untracked 
| 587|0x00000000a4b00000, 0x00000000a4b00000, 0x00000000a4c00000|  0%| F|  |TAMS 0x00000000a4b00000, 0x00000000a4b00000| Untracked 
| 588|0x00000000a4c00000, 0x00000000a4c00000, 0x00000000a4d00000|  0%| F|  |TAMS 0x00000000a4c00000, 0x00000000a4c00000| Untracked 
| 589|0x00000000a4d00000, 0x00000000a4d00000, 0x00000000a4e00000|  0%| F|  |TAMS 0x00000000a4d00000, 0x00000000a4d00000| Untracked 
| 590|0x00000000a4e00000, 0x00000000a4e00000, 0x00000000a4f00000|  0%| F|  |TAMS 0x00000000a4e00000, 0x00000000a4e00000| Untracked 
| 591|0x00000000a4f00000, 0x00000000a4f00000, 0x00000000a5000000|  0%| F|  |TAMS 0x00000000a4f00000, 0x00000000a4f00000| Untracked 
| 592|0x00000000a5000000, 0x00000000a5000000, 0x00000000a5100000|  0%| F|  |TAMS 0x00000000a5000000, 0x00000000a5000000| Untracked 
| 593|0x00000000a5100000, 0x00000000a5100000, 0x00000000a5200000|  0%| F|  |TAMS 0x00000000a5100000, 0x00000000a5100000| Untracked 
| 594|0x00000000a5200000, 0x00000000a5200000, 0x00000000a5300000|  0%| F|  |TAMS 0x00000000a5200000, 0x00000000a5200000| Untracked 
| 595|0x00000000a5300000, 0x00000000a5300000, 0x00000000a5400000|  0%| F|  |TAMS 0x00000000a5300000, 0x00000000a5300000| Untracked 
| 596|0x00000000a5400000, 0x00000000a5400000, 0x00000000a5500000|  0%| F|  |TAMS 0x00000000a5400000, 0x00000000a5400000| Untracked 
| 597|0x00000000a5500000, 0x00000000a5500000, 0x00000000a5600000|  0%| F|  |TAMS 0x00000000a5500000, 0x00000000a5500000| Untracked 
| 598|0x00000000a5600000, 0x00000000a5600000, 0x00000000a5700000|  0%| F|  |TAMS 0x00000000a5600000, 0x00000000a5600000| Untracked 
| 599|0x00000000a5700000, 0x00000000a5700000, 0x00000000a5800000|  0%| F|  |TAMS 0x00000000a5700000, 0x00000000a5700000| Untracked 
| 600|0x00000000a5800000, 0x00000000a5800000, 0x00000000a5900000|  0%| F|  |TAMS 0x00000000a5800000, 0x00000000a5800000| Untracked 
| 601|0x00000000a5900000, 0x00000000a5900000, 0x00000000a5a00000|  0%| F|  |TAMS 0x00000000a5900000, 0x00000000a5900000| Untracked 
| 602|0x00000000a5a00000, 0x00000000a5a00000, 0x00000000a5b00000|  0%| F|  |TAMS 0x00000000a5a00000, 0x00000000a5a00000| Untracked 
| 603|0x00000000a5b00000, 0x00000000a5b00000, 0x00000000a5c00000|  0%| F|  |TAMS 0x00000000a5b00000, 0x00000000a5b00000| Untracked 
| 604|0x00000000a5c00000, 0x00000000a5c00000, 0x00000000a5d00000|  0%| F|  |TAMS 0x00000000a5c00000, 0x00000000a5c00000| Untracked 
| 605|0x00000000a5d00000, 0x00000000a5d00000, 0x00000000a5e00000|  0%| F|  |TAMS 0x00000000a5d00000, 0x00000000a5d00000| Untracked 
| 606|0x00000000a5e00000, 0x00000000a5e00000, 0x00000000a5f00000|  0%| F|  |TAMS 0x00000000a5e00000, 0x00000000a5e00000| Untracked 
| 607|0x00000000a5f00000, 0x00000000a5f00000, 0x00000000a6000000|  0%| F|  |TAMS 0x00000000a5f00000, 0x00000000a5f00000| Untracked 
| 608|0x00000000a6000000, 0x00000000a6000000, 0x00000000a6100000|  0%| F|  |TAMS 0x00000000a6000000, 0x00000000a6000000| Untracked 
| 609|0x00000000a6100000, 0x00000000a6100000, 0x00000000a6200000|  0%| F|  |TAMS 0x00000000a6100000, 0x00000000a6100000| Untracked 
| 610|0x00000000a6200000, 0x00000000a6200000, 0x00000000a6300000|  0%| F|  |TAMS 0x00000000a6200000, 0x00000000a6200000| Untracked 
| 611|0x00000000a6300000, 0x00000000a6300000, 0x00000000a6400000|  0%| F|  |TAMS 0x00000000a6300000, 0x00000000a6300000| Untracked 
| 612|0x00000000a6400000, 0x00000000a6400000, 0x00000000a6500000|  0%| F|  |TAMS 0x00000000a6400000, 0x00000000a6400000| Untracked 
| 613|0x00000000a6500000, 0x00000000a6500000, 0x00000000a6600000|  0%| F|  |TAMS 0x00000000a6500000, 0x00000000a6500000| Untracked 
| 614|0x00000000a6600000, 0x00000000a6600000, 0x00000000a6700000|  0%| F|  |TAMS 0x00000000a6600000, 0x00000000a6600000| Untracked 
| 615|0x00000000a6700000, 0x00000000a6700000, 0x00000000a6800000|  0%| F|  |TAMS 0x00000000a6700000, 0x00000000a6700000| Untracked 
| 616|0x00000000a6800000, 0x00000000a6800000, 0x00000000a6900000|  0%| F|  |TAMS 0x00000000a6800000, 0x00000000a6800000| Untracked 
| 617|0x00000000a6900000, 0x00000000a6900000, 0x00000000a6a00000|  0%| F|  |TAMS 0x00000000a6900000, 0x00000000a6900000| Untracked 
| 618|0x00000000a6a00000, 0x00000000a6a00000, 0x00000000a6b00000|  0%| F|  |TAMS 0x00000000a6a00000, 0x00000000a6a00000| Untracked 
| 619|0x00000000a6b00000, 0x00000000a6b00000, 0x00000000a6c00000|  0%| F|  |TAMS 0x00000000a6b00000, 0x00000000a6b00000| Untracked 
| 620|0x00000000a6c00000, 0x00000000a6c00000, 0x00000000a6d00000|  0%| F|  |TAMS 0x00000000a6c00000, 0x00000000a6c00000| Untracked 
| 621|0x00000000a6d00000, 0x00000000a6d00000, 0x00000000a6e00000|  0%| F|  |TAMS 0x00000000a6d00000, 0x00000000a6d00000| Untracked 
| 622|0x00000000a6e00000, 0x00000000a6e00000, 0x00000000a6f00000|  0%| F|  |TAMS 0x00000000a6e00000, 0x00000000a6e00000| Untracked 
| 623|0x00000000a6f00000, 0x00000000a6f00000, 0x00000000a7000000|  0%| F|  |TAMS 0x00000000a6f00000, 0x00000000a6f00000| Untracked 
| 624|0x00000000a7000000, 0x00000000a7000000, 0x00000000a7100000|  0%| F|  |TAMS 0x00000000a7000000, 0x00000000a7000000| Untracked 
| 625|0x00000000a7100000, 0x00000000a7100000, 0x00000000a7200000|  0%| F|  |TAMS 0x00000000a7100000, 0x00000000a7100000| Untracked 
| 626|0x00000000a7200000, 0x00000000a7200000, 0x00000000a7300000|  0%| F|  |TAMS 0x00000000a7200000, 0x00000000a7200000| Untracked 
| 627|0x00000000a7300000, 0x00000000a73fc230, 0x00000000a7400000| 98%| S|CS|TAMS 0x00000000a7300000, 0x00000000a7300000| Complete 
| 628|0x00000000a7400000, 0x00000000a7500000, 0x00000000a7500000|100%| S|CS|TAMS 0x00000000a7400000, 0x00000000a7400000| Complete 
| 629|0x00000000a7500000, 0x00000000a7600000, 0x00000000a7600000|100%| S|CS|TAMS 0x00000000a7500000, 0x00000000a7500000| Complete 
| 630|0x00000000a7600000, 0x00000000a7700000, 0x00000000a7700000|100%| S|CS|TAMS 0x00000000a7600000, 0x00000000a7600000| Complete 
| 631|0x00000000a7700000, 0x00000000a7700000, 0x00000000a7800000|  0%| F|  |TAMS 0x00000000a7700000, 0x00000000a7700000| Untracked 
| 632|0x00000000a7800000, 0x00000000a7800000, 0x00000000a7900000|  0%| F|  |TAMS 0x00000000a7800000, 0x00000000a7800000| Untracked 
| 633|0x00000000a7900000, 0x00000000a7900000, 0x00000000a7a00000|  0%| F|  |TAMS 0x00000000a7900000, 0x00000000a7900000| Untracked 
| 634|0x00000000a7a00000, 0x00000000a7a00000, 0x00000000a7b00000|  0%| F|  |TAMS 0x00000000a7a00000, 0x00000000a7a00000| Untracked 
| 635|0x00000000a7b00000, 0x00000000a7b00000, 0x00000000a7c00000|  0%| F|  |TAMS 0x00000000a7b00000, 0x00000000a7b00000| Untracked 
| 636|0x00000000a7c00000, 0x00000000a7c00000, 0x00000000a7d00000|  0%| F|  |TAMS 0x00000000a7c00000, 0x00000000a7c00000| Untracked 
| 637|0x00000000a7d00000, 0x00000000a7d00000, 0x00000000a7e00000|  0%| F|  |TAMS 0x00000000a7d00000, 0x00000000a7d00000| Untracked 
| 638|0x00000000a7e00000, 0x00000000a7e00000, 0x00000000a7f00000|  0%| F|  |TAMS 0x00000000a7e00000, 0x00000000a7e00000| Untracked 
| 639|0x00000000a7f00000, 0x00000000a7f00000, 0x00000000a8000000|  0%| F|  |TAMS 0x00000000a7f00000, 0x00000000a7f00000| Untracked 
| 640|0x00000000a8000000, 0x00000000a8000000, 0x00000000a8100000|  0%| F|  |TAMS 0x00000000a8000000, 0x00000000a8000000| Untracked 
| 641|0x00000000a8100000, 0x00000000a8100000, 0x00000000a8200000|  0%| F|  |TAMS 0x00000000a8100000, 0x00000000a8100000| Untracked 
| 642|0x00000000a8200000, 0x00000000a8200000, 0x00000000a8300000|  0%| F|  |TAMS 0x00000000a8200000, 0x00000000a8200000| Untracked 
| 643|0x00000000a8300000, 0x00000000a8300000, 0x00000000a8400000|  0%| F|  |TAMS 0x00000000a8300000, 0x00000000a8300000| Untracked 
| 644|0x00000000a8400000, 0x00000000a8400000, 0x00000000a8500000|  0%| F|  |TAMS 0x00000000a8400000, 0x00000000a8400000| Untracked 
| 645|0x00000000a8500000, 0x00000000a8500000, 0x00000000a8600000|  0%| F|  |TAMS 0x00000000a8500000, 0x00000000a8500000| Untracked 
| 646|0x00000000a8600000, 0x00000000a8600000, 0x00000000a8700000|  0%| F|  |TAMS 0x00000000a8600000, 0x00000000a8600000| Untracked 
| 647|0x00000000a8700000, 0x00000000a8700000, 0x00000000a8800000|  0%| F|  |TAMS 0x00000000a8700000, 0x00000000a8700000| Untracked 
| 648|0x00000000a8800000, 0x00000000a8800000, 0x00000000a8900000|  0%| F|  |TAMS 0x00000000a8800000, 0x00000000a8800000| Untracked 
| 649|0x00000000a8900000, 0x00000000a8900000, 0x00000000a8a00000|  0%| F|  |TAMS 0x00000000a8900000, 0x00000000a8900000| Untracked 
| 650|0x00000000a8a00000, 0x00000000a8a00000, 0x00000000a8b00000|  0%| F|  |TAMS 0x00000000a8a00000, 0x00000000a8a00000| Untracked 
| 651|0x00000000a8b00000, 0x00000000a8b00000, 0x00000000a8c00000|  0%| F|  |TAMS 0x00000000a8b00000, 0x00000000a8b00000| Untracked 
| 652|0x00000000a8c00000, 0x00000000a8c00000, 0x00000000a8d00000|  0%| F|  |TAMS 0x00000000a8c00000, 0x00000000a8c00000| Untracked 
| 653|0x00000000a8d00000, 0x00000000a8d00000, 0x00000000a8e00000|  0%| F|  |TAMS 0x00000000a8d00000, 0x00000000a8d00000| Untracked 
| 654|0x00000000a8e00000, 0x00000000a8e00000, 0x00000000a8f00000|  0%| F|  |TAMS 0x00000000a8e00000, 0x00000000a8e00000| Untracked 
| 655|0x00000000a8f00000, 0x00000000a8f00000, 0x00000000a9000000|  0%| F|  |TAMS 0x00000000a8f00000, 0x00000000a8f00000| Untracked 
| 656|0x00000000a9000000, 0x00000000a9000000, 0x00000000a9100000|  0%| F|  |TAMS 0x00000000a9000000, 0x00000000a9000000| Untracked 
| 657|0x00000000a9100000, 0x00000000a9100000, 0x00000000a9200000|  0%| F|  |TAMS 0x00000000a9100000, 0x00000000a9100000| Untracked 
| 658|0x00000000a9200000, 0x00000000a9200000, 0x00000000a9300000|  0%| F|  |TAMS 0x00000000a9200000, 0x00000000a9200000| Untracked 
| 659|0x00000000a9300000, 0x00000000a9300000, 0x00000000a9400000|  0%| F|  |TAMS 0x00000000a9300000, 0x00000000a9300000| Untracked 
| 660|0x00000000a9400000, 0x00000000a9400000, 0x00000000a9500000|  0%| F|  |TAMS 0x00000000a9400000, 0x00000000a9400000| Untracked 
| 661|0x00000000a9500000, 0x00000000a9500000, 0x00000000a9600000|  0%| F|  |TAMS 0x00000000a9500000, 0x00000000a9500000| Untracked 
| 662|0x00000000a9600000, 0x00000000a9600000, 0x00000000a9700000|  0%| F|  |TAMS 0x00000000a9600000, 0x00000000a9600000| Untracked 
| 663|0x00000000a9700000, 0x00000000a9700000, 0x00000000a9800000|  0%| F|  |TAMS 0x00000000a9700000, 0x00000000a9700000| Untracked 
| 664|0x00000000a9800000, 0x00000000a9800000, 0x00000000a9900000|  0%| F|  |TAMS 0x00000000a9800000, 0x00000000a9800000| Untracked 
| 665|0x00000000a9900000, 0x00000000a9900000, 0x00000000a9a00000|  0%| F|  |TAMS 0x00000000a9900000, 0x00000000a9900000| Untracked 
| 666|0x00000000a9a00000, 0x00000000a9a00000, 0x00000000a9b00000|  0%| F|  |TAMS 0x00000000a9a00000, 0x00000000a9a00000| Untracked 
| 667|0x00000000a9b00000, 0x00000000a9b00000, 0x00000000a9c00000|  0%| F|  |TAMS 0x00000000a9b00000, 0x00000000a9b00000| Untracked 
| 668|0x00000000a9c00000, 0x00000000a9c00000, 0x00000000a9d00000|  0%| F|  |TAMS 0x00000000a9c00000, 0x00000000a9c00000| Untracked 
| 669|0x00000000a9d00000, 0x00000000a9d00000, 0x00000000a9e00000|  0%| F|  |TAMS 0x00000000a9d00000, 0x00000000a9d00000| Untracked 
| 670|0x00000000a9e00000, 0x00000000a9e00000, 0x00000000a9f00000|  0%| F|  |TAMS 0x00000000a9e00000, 0x00000000a9e00000| Untracked 
| 671|0x00000000a9f00000, 0x00000000a9f00000, 0x00000000aa000000|  0%| F|  |TAMS 0x00000000a9f00000, 0x00000000a9f00000| Untracked 
| 672|0x00000000aa000000, 0x00000000aa000000, 0x00000000aa100000|  0%| F|  |TAMS 0x00000000aa000000, 0x00000000aa000000| Untracked 
| 673|0x00000000aa100000, 0x00000000aa100000, 0x00000000aa200000|  0%| F|  |TAMS 0x00000000aa100000, 0x00000000aa100000| Untracked 
| 674|0x00000000aa200000, 0x00000000aa200000, 0x00000000aa300000|  0%| F|  |TAMS 0x00000000aa200000, 0x00000000aa200000| Untracked 
| 675|0x00000000aa300000, 0x00000000aa300000, 0x00000000aa400000|  0%| F|  |TAMS 0x00000000aa300000, 0x00000000aa300000| Untracked 
| 676|0x00000000aa400000, 0x00000000aa400000, 0x00000000aa500000|  0%| F|  |TAMS 0x00000000aa400000, 0x00000000aa400000| Untracked 
| 677|0x00000000aa500000, 0x00000000aa500000, 0x00000000aa600000|  0%| F|  |TAMS 0x00000000aa500000, 0x00000000aa500000| Untracked 
| 678|0x00000000aa600000, 0x00000000aa600000, 0x00000000aa700000|  0%| F|  |TAMS 0x00000000aa600000, 0x00000000aa600000| Untracked 
| 679|0x00000000aa700000, 0x00000000aa700000, 0x00000000aa800000|  0%| F|  |TAMS 0x00000000aa700000, 0x00000000aa700000| Untracked 
| 680|0x00000000aa800000, 0x00000000aa800000, 0x00000000aa900000|  0%| F|  |TAMS 0x00000000aa800000, 0x00000000aa800000| Untracked 
| 681|0x00000000aa900000, 0x00000000aa900000, 0x00000000aaa00000|  0%| F|  |TAMS 0x00000000aa900000, 0x00000000aa900000| Untracked 
| 682|0x00000000aaa00000, 0x00000000aaa00000, 0x00000000aab00000|  0%| F|  |TAMS 0x00000000aaa00000, 0x00000000aaa00000| Untracked 
| 683|0x00000000aab00000, 0x00000000aab00000, 0x00000000aac00000|  0%| F|  |TAMS 0x00000000aab00000, 0x00000000aab00000| Untracked 
| 684|0x00000000aac00000, 0x00000000aac00000, 0x00000000aad00000|  0%| F|  |TAMS 0x00000000aac00000, 0x00000000aac00000| Untracked 
| 685|0x00000000aad00000, 0x00000000aad00000, 0x00000000aae00000|  0%| F|  |TAMS 0x00000000aad00000, 0x00000000aad00000| Untracked 
| 686|0x00000000aae00000, 0x00000000aae00000, 0x00000000aaf00000|  0%| F|  |TAMS 0x00000000aae00000, 0x00000000aae00000| Untracked 
| 687|0x00000000aaf00000, 0x00000000aaf00000, 0x00000000ab000000|  0%| F|  |TAMS 0x00000000aaf00000, 0x00000000aaf00000| Untracked 
| 688|0x00000000ab000000, 0x00000000ab000000, 0x00000000ab100000|  0%| F|  |TAMS 0x00000000ab000000, 0x00000000ab000000| Untracked 
| 689|0x00000000ab100000, 0x00000000ab100000, 0x00000000ab200000|  0%| F|  |TAMS 0x00000000ab100000, 0x00000000ab100000| Untracked 
| 690|0x00000000ab200000, 0x00000000ab200000, 0x00000000ab300000|  0%| F|  |TAMS 0x00000000ab200000, 0x00000000ab200000| Untracked 
| 691|0x00000000ab300000, 0x00000000ab300000, 0x00000000ab400000|  0%| F|  |TAMS 0x00000000ab300000, 0x00000000ab300000| Untracked 
| 692|0x00000000ab400000, 0x00000000ab400000, 0x00000000ab500000|  0%| F|  |TAMS 0x00000000ab400000, 0x00000000ab400000| Untracked 
| 693|0x00000000ab500000, 0x00000000ab500000, 0x00000000ab600000|  0%| F|  |TAMS 0x00000000ab500000, 0x00000000ab500000| Untracked 
| 694|0x00000000ab600000, 0x00000000ab600000, 0x00000000ab700000|  0%| F|  |TAMS 0x00000000ab600000, 0x00000000ab600000| Untracked 
| 695|0x00000000ab700000, 0x00000000ab700000, 0x00000000ab800000|  0%| F|  |TAMS 0x00000000ab700000, 0x00000000ab700000| Untracked 
| 696|0x00000000ab800000, 0x00000000ab800000, 0x00000000ab900000|  0%| F|  |TAMS 0x00000000ab800000, 0x00000000ab800000| Untracked 
| 697|0x00000000ab900000, 0x00000000ab900000, 0x00000000aba00000|  0%| F|  |TAMS 0x00000000ab900000, 0x00000000ab900000| Untracked 
| 698|0x00000000aba00000, 0x00000000aba00000, 0x00000000abb00000|  0%| F|  |TAMS 0x00000000aba00000, 0x00000000aba00000| Untracked 
| 699|0x00000000abb00000, 0x00000000abb00000, 0x00000000abc00000|  0%| F|  |TAMS 0x00000000abb00000, 0x00000000abb00000| Untracked 
| 700|0x00000000abc00000, 0x00000000abc00000, 0x00000000abd00000|  0%| F|  |TAMS 0x00000000abc00000, 0x00000000abc00000| Untracked 
| 701|0x00000000abd00000, 0x00000000abd00000, 0x00000000abe00000|  0%| F|  |TAMS 0x00000000abd00000, 0x00000000abd00000| Untracked 
| 702|0x00000000abe00000, 0x00000000abe00000, 0x00000000abf00000|  0%| F|  |TAMS 0x00000000abe00000, 0x00000000abe00000| Untracked 
| 703|0x00000000abf00000, 0x00000000abf00000, 0x00000000ac000000|  0%| F|  |TAMS 0x00000000abf00000, 0x00000000abf00000| Untracked 
| 704|0x00000000ac000000, 0x00000000ac000000, 0x00000000ac100000|  0%| F|  |TAMS 0x00000000ac000000, 0x00000000ac000000| Untracked 
| 705|0x00000000ac100000, 0x00000000ac100000, 0x00000000ac200000|  0%| F|  |TAMS 0x00000000ac100000, 0x00000000ac100000| Untracked 
| 706|0x00000000ac200000, 0x00000000ac200000, 0x00000000ac300000|  0%| F|  |TAMS 0x00000000ac200000, 0x00000000ac200000| Untracked 
| 707|0x00000000ac300000, 0x00000000ac300000, 0x00000000ac400000|  0%| F|  |TAMS 0x00000000ac300000, 0x00000000ac300000| Untracked 
| 708|0x00000000ac400000, 0x00000000ac400000, 0x00000000ac500000|  0%| F|  |TAMS 0x00000000ac400000, 0x00000000ac400000| Untracked 
| 709|0x00000000ac500000, 0x00000000ac500000, 0x00000000ac600000|  0%| F|  |TAMS 0x00000000ac500000, 0x00000000ac500000| Untracked 
| 710|0x00000000ac600000, 0x00000000ac600000, 0x00000000ac700000|  0%| F|  |TAMS 0x00000000ac600000, 0x00000000ac600000| Untracked 
| 711|0x00000000ac700000, 0x00000000ac700000, 0x00000000ac800000|  0%| F|  |TAMS 0x00000000ac700000, 0x00000000ac700000| Untracked 
| 712|0x00000000ac800000, 0x00000000ac800000, 0x00000000ac900000|  0%| F|  |TAMS 0x00000000ac800000, 0x00000000ac800000| Untracked 
| 713|0x00000000ac900000, 0x00000000ac900000, 0x00000000aca00000|  0%| F|  |TAMS 0x00000000ac900000, 0x00000000ac900000| Untracked 
| 714|0x00000000aca00000, 0x00000000aca00000, 0x00000000acb00000|  0%| F|  |TAMS 0x00000000aca00000, 0x00000000aca00000| Untracked 
| 715|0x00000000acb00000, 0x00000000acb00000, 0x00000000acc00000|  0%| F|  |TAMS 0x00000000acb00000, 0x00000000acb00000| Untracked 
| 716|0x00000000acc00000, 0x00000000acc00000, 0x00000000acd00000|  0%| F|  |TAMS 0x00000000acc00000, 0x00000000acc00000| Untracked 
| 717|0x00000000acd00000, 0x00000000acd00000, 0x00000000ace00000|  0%| F|  |TAMS 0x00000000acd00000, 0x00000000acd00000| Untracked 
| 718|0x00000000ace00000, 0x00000000ace00000, 0x00000000acf00000|  0%| F|  |TAMS 0x00000000ace00000, 0x00000000ace00000| Untracked 
| 719|0x00000000acf00000, 0x00000000acf00000, 0x00000000ad000000|  0%| F|  |TAMS 0x00000000acf00000, 0x00000000acf00000| Untracked 
| 720|0x00000000ad000000, 0x00000000ad000000, 0x00000000ad100000|  0%| F|  |TAMS 0x00000000ad000000, 0x00000000ad000000| Untracked 
| 721|0x00000000ad100000, 0x00000000ad100000, 0x00000000ad200000|  0%| F|  |TAMS 0x00000000ad100000, 0x00000000ad100000| Untracked 
| 722|0x00000000ad200000, 0x00000000ad200000, 0x00000000ad300000|  0%| F|  |TAMS 0x00000000ad200000, 0x00000000ad200000| Untracked 
| 723|0x00000000ad300000, 0x00000000ad300000, 0x00000000ad400000|  0%| F|  |TAMS 0x00000000ad300000, 0x00000000ad300000| Untracked 
| 724|0x00000000ad400000, 0x00000000ad400000, 0x00000000ad500000|  0%| F|  |TAMS 0x00000000ad400000, 0x00000000ad400000| Untracked 
| 725|0x00000000ad500000, 0x00000000ad500000, 0x00000000ad600000|  0%| F|  |TAMS 0x00000000ad500000, 0x00000000ad500000| Untracked 
| 726|0x00000000ad600000, 0x00000000ad600000, 0x00000000ad700000|  0%| F|  |TAMS 0x00000000ad600000, 0x00000000ad600000| Untracked 
| 727|0x00000000ad700000, 0x00000000ad700000, 0x00000000ad800000|  0%| F|  |TAMS 0x00000000ad700000, 0x00000000ad700000| Untracked 
| 728|0x00000000ad800000, 0x00000000ad800000, 0x00000000ad900000|  0%| F|  |TAMS 0x00000000ad800000, 0x00000000ad800000| Untracked 
| 729|0x00000000ad900000, 0x00000000ad900000, 0x00000000ada00000|  0%| F|  |TAMS 0x00000000ad900000, 0x00000000ad900000| Untracked 
| 730|0x00000000ada00000, 0x00000000ada00000, 0x00000000adb00000|  0%| F|  |TAMS 0x00000000ada00000, 0x00000000ada00000| Untracked 
| 731|0x00000000adb00000, 0x00000000adb00000, 0x00000000adc00000|  0%| F|  |TAMS 0x00000000adb00000, 0x00000000adb00000| Untracked 
| 732|0x00000000adc00000, 0x00000000adc00000, 0x00000000add00000|  0%| F|  |TAMS 0x00000000adc00000, 0x00000000adc00000| Untracked 
| 733|0x00000000add00000, 0x00000000add00000, 0x00000000ade00000|  0%| F|  |TAMS 0x00000000add00000, 0x00000000add00000| Untracked 
| 734|0x00000000ade00000, 0x00000000ade00000, 0x00000000adf00000|  0%| F|  |TAMS 0x00000000ade00000, 0x00000000ade00000| Untracked 
| 735|0x00000000adf00000, 0x00000000adf00000, 0x00000000ae000000|  0%| F|  |TAMS 0x00000000adf00000, 0x00000000adf00000| Untracked 
| 736|0x00000000ae000000, 0x00000000ae000000, 0x00000000ae100000|  0%| F|  |TAMS 0x00000000ae000000, 0x00000000ae000000| Untracked 
| 737|0x00000000ae100000, 0x00000000ae100000, 0x00000000ae200000|  0%| F|  |TAMS 0x00000000ae100000, 0x00000000ae100000| Untracked 
| 738|0x00000000ae200000, 0x00000000ae200000, 0x00000000ae300000|  0%| F|  |TAMS 0x00000000ae200000, 0x00000000ae200000| Untracked 
| 739|0x00000000ae300000, 0x00000000ae300000, 0x00000000ae400000|  0%| F|  |TAMS 0x00000000ae300000, 0x00000000ae300000| Untracked 
| 740|0x00000000ae400000, 0x00000000ae400000, 0x00000000ae500000|  0%| F|  |TAMS 0x00000000ae400000, 0x00000000ae400000| Untracked 
| 741|0x00000000ae500000, 0x00000000ae500000, 0x00000000ae600000|  0%| F|  |TAMS 0x00000000ae500000, 0x00000000ae500000| Untracked 
| 742|0x00000000ae600000, 0x00000000ae600000, 0x00000000ae700000|  0%| F|  |TAMS 0x00000000ae600000, 0x00000000ae600000| Untracked 
| 743|0x00000000ae700000, 0x00000000ae700000, 0x00000000ae800000|  0%| F|  |TAMS 0x00000000ae700000, 0x00000000ae700000| Untracked 
| 744|0x00000000ae800000, 0x00000000ae800000, 0x00000000ae900000|  0%| F|  |TAMS 0x00000000ae800000, 0x00000000ae800000| Untracked 
| 745|0x00000000ae900000, 0x00000000ae900000, 0x00000000aea00000|  0%| F|  |TAMS 0x00000000ae900000, 0x00000000ae900000| Untracked 
| 746|0x00000000aea00000, 0x00000000aea00000, 0x00000000aeb00000|  0%| F|  |TAMS 0x00000000aea00000, 0x00000000aea00000| Untracked 
| 747|0x00000000aeb00000, 0x00000000aeb00000, 0x00000000aec00000|  0%| F|  |TAMS 0x00000000aeb00000, 0x00000000aeb00000| Untracked 
| 748|0x00000000aec00000, 0x00000000aec00000, 0x00000000aed00000|  0%| F|  |TAMS 0x00000000aec00000, 0x00000000aec00000| Untracked 
| 749|0x00000000aed00000, 0x00000000aed00000, 0x00000000aee00000|  0%| F|  |TAMS 0x00000000aed00000, 0x00000000aed00000| Untracked 
| 750|0x00000000aee00000, 0x00000000aee00000, 0x00000000aef00000|  0%| F|  |TAMS 0x00000000aee00000, 0x00000000aee00000| Untracked 
| 751|0x00000000aef00000, 0x00000000aef00000, 0x00000000af000000|  0%| F|  |TAMS 0x00000000aef00000, 0x00000000aef00000| Untracked 
| 752|0x00000000af000000, 0x00000000af000000, 0x00000000af100000|  0%| F|  |TAMS 0x00000000af000000, 0x00000000af000000| Untracked 
| 753|0x00000000af100000, 0x00000000af100000, 0x00000000af200000|  0%| F|  |TAMS 0x00000000af100000, 0x00000000af100000| Untracked 
| 754|0x00000000af200000, 0x00000000af200000, 0x00000000af300000|  0%| F|  |TAMS 0x00000000af200000, 0x00000000af200000| Untracked 
| 755|0x00000000af300000, 0x00000000af300000, 0x00000000af400000|  0%| F|  |TAMS 0x00000000af300000, 0x00000000af300000| Untracked 
| 756|0x00000000af400000, 0x00000000af400000, 0x00000000af500000|  0%| F|  |TAMS 0x00000000af400000, 0x00000000af400000| Untracked 
| 757|0x00000000af500000, 0x00000000af500000, 0x00000000af600000|  0%| F|  |TAMS 0x00000000af500000, 0x00000000af500000| Untracked 
| 758|0x00000000af600000, 0x00000000af600000, 0x00000000af700000|  0%| F|  |TAMS 0x00000000af600000, 0x00000000af600000| Untracked 
| 759|0x00000000af700000, 0x00000000af700000, 0x00000000af800000|  0%| F|  |TAMS 0x00000000af700000, 0x00000000af700000| Untracked 
| 760|0x00000000af800000, 0x00000000af800000, 0x00000000af900000|  0%| F|  |TAMS 0x00000000af800000, 0x00000000af800000| Untracked 
| 761|0x00000000af900000, 0x00000000af900000, 0x00000000afa00000|  0%| F|  |TAMS 0x00000000af900000, 0x00000000af900000| Untracked 
| 762|0x00000000afa00000, 0x00000000afa00000, 0x00000000afb00000|  0%| F|  |TAMS 0x00000000afa00000, 0x00000000afa00000| Untracked 
| 763|0x00000000afb00000, 0x00000000afb00000, 0x00000000afc00000|  0%| F|  |TAMS 0x00000000afb00000, 0x00000000afb00000| Untracked 
| 764|0x00000000afc00000, 0x00000000afc00000, 0x00000000afd00000|  0%| F|  |TAMS 0x00000000afc00000, 0x00000000afc00000| Untracked 
| 765|0x00000000afd00000, 0x00000000afd00000, 0x00000000afe00000|  0%| F|  |TAMS 0x00000000afd00000, 0x00000000afd00000| Untracked 
| 766|0x00000000afe00000, 0x00000000afe00000, 0x00000000aff00000|  0%| F|  |TAMS 0x00000000afe00000, 0x00000000afe00000| Untracked 
| 767|0x00000000aff00000, 0x00000000aff00000, 0x00000000b0000000|  0%| F|  |TAMS 0x00000000aff00000, 0x00000000aff00000| Untracked 
| 768|0x00000000b0000000, 0x00000000b0000000, 0x00000000b0100000|  0%| F|  |TAMS 0x00000000b0000000, 0x00000000b0000000| Untracked 
| 769|0x00000000b0100000, 0x00000000b0100000, 0x00000000b0200000|  0%| F|  |TAMS 0x00000000b0100000, 0x00000000b0100000| Untracked 
| 770|0x00000000b0200000, 0x00000000b0200000, 0x00000000b0300000|  0%| F|  |TAMS 0x00000000b0200000, 0x00000000b0200000| Untracked 
| 771|0x00000000b0300000, 0x00000000b0300000, 0x00000000b0400000|  0%| F|  |TAMS 0x00000000b0300000, 0x00000000b0300000| Untracked 
| 772|0x00000000b0400000, 0x00000000b0400000, 0x00000000b0500000|  0%| F|  |TAMS 0x00000000b0400000, 0x00000000b0400000| Untracked 
| 773|0x00000000b0500000, 0x00000000b0500000, 0x00000000b0600000|  0%| F|  |TAMS 0x00000000b0500000, 0x00000000b0500000| Untracked 
| 774|0x00000000b0600000, 0x00000000b0600000, 0x00000000b0700000|  0%| F|  |TAMS 0x00000000b0600000, 0x00000000b0600000| Untracked 
| 775|0x00000000b0700000, 0x00000000b0700000, 0x00000000b0800000|  0%| F|  |TAMS 0x00000000b0700000, 0x00000000b0700000| Untracked 
| 776|0x00000000b0800000, 0x00000000b0800000, 0x00000000b0900000|  0%| F|  |TAMS 0x00000000b0800000, 0x00000000b0800000| Untracked 
| 777|0x00000000b0900000, 0x00000000b0900000, 0x00000000b0a00000|  0%| F|  |TAMS 0x00000000b0900000, 0x00000000b0900000| Untracked 
| 778|0x00000000b0a00000, 0x00000000b0a00000, 0x00000000b0b00000|  0%| F|  |TAMS 0x00000000b0a00000, 0x00000000b0a00000| Untracked 
| 779|0x00000000b0b00000, 0x00000000b0b00000, 0x00000000b0c00000|  0%| F|  |TAMS 0x00000000b0b00000, 0x00000000b0b00000| Untracked 
| 780|0x00000000b0c00000, 0x00000000b0c00000, 0x00000000b0d00000|  0%| F|  |TAMS 0x00000000b0c00000, 0x00000000b0c00000| Untracked 
| 781|0x00000000b0d00000, 0x00000000b0d00000, 0x00000000b0e00000|  0%| F|  |TAMS 0x00000000b0d00000, 0x00000000b0d00000| Untracked 
| 782|0x00000000b0e00000, 0x00000000b0e00000, 0x00000000b0f00000|  0%| F|  |TAMS 0x00000000b0e00000, 0x00000000b0e00000| Untracked 
| 783|0x00000000b0f00000, 0x00000000b0f00000, 0x00000000b1000000|  0%| F|  |TAMS 0x00000000b0f00000, 0x00000000b0f00000| Untracked 
| 784|0x00000000b1000000, 0x00000000b1000000, 0x00000000b1100000|  0%| F|  |TAMS 0x00000000b1000000, 0x00000000b1000000| Untracked 
| 785|0x00000000b1100000, 0x00000000b1100000, 0x00000000b1200000|  0%| F|  |TAMS 0x00000000b1100000, 0x00000000b1100000| Untracked 
| 786|0x00000000b1200000, 0x00000000b1200000, 0x00000000b1300000|  0%| F|  |TAMS 0x00000000b1200000, 0x00000000b1200000| Untracked 
| 787|0x00000000b1300000, 0x00000000b1300000, 0x00000000b1400000|  0%| F|  |TAMS 0x00000000b1300000, 0x00000000b1300000| Untracked 
| 788|0x00000000b1400000, 0x00000000b1400000, 0x00000000b1500000|  0%| F|  |TAMS 0x00000000b1400000, 0x00000000b1400000| Untracked 
| 789|0x00000000b1500000, 0x00000000b1500000, 0x00000000b1600000|  0%| F|  |TAMS 0x00000000b1500000, 0x00000000b1500000| Untracked 
| 790|0x00000000b1600000, 0x00000000b1600000, 0x00000000b1700000|  0%| F|  |TAMS 0x00000000b1600000, 0x00000000b1600000| Untracked 
| 791|0x00000000b1700000, 0x00000000b1700000, 0x00000000b1800000|  0%| F|  |TAMS 0x00000000b1700000, 0x00000000b1700000| Untracked 
| 792|0x00000000b1800000, 0x00000000b1800000, 0x00000000b1900000|  0%| F|  |TAMS 0x00000000b1800000, 0x00000000b1800000| Untracked 
| 793|0x00000000b1900000, 0x00000000b1900000, 0x00000000b1a00000|  0%| F|  |TAMS 0x00000000b1900000, 0x00000000b1900000| Untracked 
| 794|0x00000000b1a00000, 0x00000000b1a00000, 0x00000000b1b00000|  0%| F|  |TAMS 0x00000000b1a00000, 0x00000000b1a00000| Untracked 
| 795|0x00000000b1b00000, 0x00000000b1b00000, 0x00000000b1c00000|  0%| F|  |TAMS 0x00000000b1b00000, 0x00000000b1b00000| Untracked 
| 796|0x00000000b1c00000, 0x00000000b1c00000, 0x00000000b1d00000|  0%| F|  |TAMS 0x00000000b1c00000, 0x00000000b1c00000| Untracked 
| 797|0x00000000b1d00000, 0x00000000b1d00000, 0x00000000b1e00000|  0%| F|  |TAMS 0x00000000b1d00000, 0x00000000b1d00000| Untracked 
| 798|0x00000000b1e00000, 0x00000000b1e00000, 0x00000000b1f00000|  0%| F|  |TAMS 0x00000000b1e00000, 0x00000000b1e00000| Untracked 
| 799|0x00000000b1f00000, 0x00000000b1f00000, 0x00000000b2000000|  0%| F|  |TAMS 0x00000000b1f00000, 0x00000000b1f00000| Untracked 
| 800|0x00000000b2000000, 0x00000000b2000000, 0x00000000b2100000|  0%| F|  |TAMS 0x00000000b2000000, 0x00000000b2000000| Untracked 
| 801|0x00000000b2100000, 0x00000000b2100000, 0x00000000b2200000|  0%| F|  |TAMS 0x00000000b2100000, 0x00000000b2100000| Untracked 
| 802|0x00000000b2200000, 0x00000000b2200000, 0x00000000b2300000|  0%| F|  |TAMS 0x00000000b2200000, 0x00000000b2200000| Untracked 
| 803|0x00000000b2300000, 0x00000000b2300000, 0x00000000b2400000|  0%| F|  |TAMS 0x00000000b2300000, 0x00000000b2300000| Untracked 
| 804|0x00000000b2400000, 0x00000000b2400000, 0x00000000b2500000|  0%| F|  |TAMS 0x00000000b2400000, 0x00000000b2400000| Untracked 
| 805|0x00000000b2500000, 0x00000000b2500000, 0x00000000b2600000|  0%| F|  |TAMS 0x00000000b2500000, 0x00000000b2500000| Untracked 
| 806|0x00000000b2600000, 0x00000000b2600000, 0x00000000b2700000|  0%| F|  |TAMS 0x00000000b2600000, 0x00000000b2600000| Untracked 
| 807|0x00000000b2700000, 0x00000000b2700000, 0x00000000b2800000|  0%| F|  |TAMS 0x00000000b2700000, 0x00000000b2700000| Untracked 
| 808|0x00000000b2800000, 0x00000000b2800000, 0x00000000b2900000|  0%| F|  |TAMS 0x00000000b2800000, 0x00000000b2800000| Untracked 
| 809|0x00000000b2900000, 0x00000000b2900000, 0x00000000b2a00000|  0%| F|  |TAMS 0x00000000b2900000, 0x00000000b2900000| Untracked 
| 810|0x00000000b2a00000, 0x00000000b2a00000, 0x00000000b2b00000|  0%| F|  |TAMS 0x00000000b2a00000, 0x00000000b2a00000| Untracked 
| 811|0x00000000b2b00000, 0x00000000b2b00000, 0x00000000b2c00000|  0%| F|  |TAMS 0x00000000b2b00000, 0x00000000b2b00000| Untracked 
| 812|0x00000000b2c00000, 0x00000000b2c00000, 0x00000000b2d00000|  0%| F|  |TAMS 0x00000000b2c00000, 0x00000000b2c00000| Untracked 
| 813|0x00000000b2d00000, 0x00000000b2d00000, 0x00000000b2e00000|  0%| F|  |TAMS 0x00000000b2d00000, 0x00000000b2d00000| Untracked 
| 814|0x00000000b2e00000, 0x00000000b2e00000, 0x00000000b2f00000|  0%| F|  |TAMS 0x00000000b2e00000, 0x00000000b2e00000| Untracked 
| 815|0x00000000b2f00000, 0x00000000b2f00000, 0x00000000b3000000|  0%| F|  |TAMS 0x00000000b2f00000, 0x00000000b2f00000| Untracked 
| 816|0x00000000b3000000, 0x00000000b3000000, 0x00000000b3100000|  0%| F|  |TAMS 0x00000000b3000000, 0x00000000b3000000| Untracked 
| 817|0x00000000b3100000, 0x00000000b3100000, 0x00000000b3200000|  0%| F|  |TAMS 0x00000000b3100000, 0x00000000b3100000| Untracked 
| 818|0x00000000b3200000, 0x00000000b3200000, 0x00000000b3300000|  0%| F|  |TAMS 0x00000000b3200000, 0x00000000b3200000| Untracked 
| 819|0x00000000b3300000, 0x00000000b3300000, 0x00000000b3400000|  0%| F|  |TAMS 0x00000000b3300000, 0x00000000b3300000| Untracked 
| 820|0x00000000b3400000, 0x00000000b3400000, 0x00000000b3500000|  0%| F|  |TAMS 0x00000000b3400000, 0x00000000b3400000| Untracked 
| 821|0x00000000b3500000, 0x00000000b3500000, 0x00000000b3600000|  0%| F|  |TAMS 0x00000000b3500000, 0x00000000b3500000| Untracked 
| 822|0x00000000b3600000, 0x00000000b3600000, 0x00000000b3700000|  0%| F|  |TAMS 0x00000000b3600000, 0x00000000b3600000| Untracked 
| 823|0x00000000b3700000, 0x00000000b3700000, 0x00000000b3800000|  0%| F|  |TAMS 0x00000000b3700000, 0x00000000b3700000| Untracked 
| 824|0x00000000b3800000, 0x00000000b3800000, 0x00000000b3900000|  0%| F|  |TAMS 0x00000000b3800000, 0x00000000b3800000| Untracked 
| 825|0x00000000b3900000, 0x00000000b3900000, 0x00000000b3a00000|  0%| F|  |TAMS 0x00000000b3900000, 0x00000000b3900000| Untracked 
| 826|0x00000000b3a00000, 0x00000000b3a00000, 0x00000000b3b00000|  0%| F|  |TAMS 0x00000000b3a00000, 0x00000000b3a00000| Untracked 
| 827|0x00000000b3b00000, 0x00000000b3b00000, 0x00000000b3c00000|  0%| F|  |TAMS 0x00000000b3b00000, 0x00000000b3b00000| Untracked 
| 828|0x00000000b3c00000, 0x00000000b3c00000, 0x00000000b3d00000|  0%| F|  |TAMS 0x00000000b3c00000, 0x00000000b3c00000| Untracked 
| 829|0x00000000b3d00000, 0x00000000b3d00000, 0x00000000b3e00000|  0%| F|  |TAMS 0x00000000b3d00000, 0x00000000b3d00000| Untracked 
| 830|0x00000000b3e00000, 0x00000000b3e00000, 0x00000000b3f00000|  0%| F|  |TAMS 0x00000000b3e00000, 0x00000000b3e00000| Untracked 
| 831|0x00000000b3f00000, 0x00000000b3f00000, 0x00000000b4000000|  0%| F|  |TAMS 0x00000000b3f00000, 0x00000000b3f00000| Untracked 
| 832|0x00000000b4000000, 0x00000000b4000000, 0x00000000b4100000|  0%| F|  |TAMS 0x00000000b4000000, 0x00000000b4000000| Untracked 
| 833|0x00000000b4100000, 0x00000000b4100000, 0x00000000b4200000|  0%| F|  |TAMS 0x00000000b4100000, 0x00000000b4100000| Untracked 
| 834|0x00000000b4200000, 0x00000000b4200000, 0x00000000b4300000|  0%| F|  |TAMS 0x00000000b4200000, 0x00000000b4200000| Untracked 
| 835|0x00000000b4300000, 0x00000000b4300000, 0x00000000b4400000|  0%| F|  |TAMS 0x00000000b4300000, 0x00000000b4300000| Untracked 
| 836|0x00000000b4400000, 0x00000000b4400000, 0x00000000b4500000|  0%| F|  |TAMS 0x00000000b4400000, 0x00000000b4400000| Untracked 
| 837|0x00000000b4500000, 0x00000000b4500000, 0x00000000b4600000|  0%| F|  |TAMS 0x00000000b4500000, 0x00000000b4500000| Untracked 
| 838|0x00000000b4600000, 0x00000000b4600000, 0x00000000b4700000|  0%| F|  |TAMS 0x00000000b4600000, 0x00000000b4600000| Untracked 
| 839|0x00000000b4700000, 0x00000000b4700000, 0x00000000b4800000|  0%| F|  |TAMS 0x00000000b4700000, 0x00000000b4700000| Untracked 
| 840|0x00000000b4800000, 0x00000000b4800000, 0x00000000b4900000|  0%| F|  |TAMS 0x00000000b4800000, 0x00000000b4800000| Untracked 
| 841|0x00000000b4900000, 0x00000000b4900000, 0x00000000b4a00000|  0%| F|  |TAMS 0x00000000b4900000, 0x00000000b4900000| Untracked 
| 842|0x00000000b4a00000, 0x00000000b4a00000, 0x00000000b4b00000|  0%| F|  |TAMS 0x00000000b4a00000, 0x00000000b4a00000| Untracked 
| 843|0x00000000b4b00000, 0x00000000b4b00000, 0x00000000b4c00000|  0%| F|  |TAMS 0x00000000b4b00000, 0x00000000b4b00000| Untracked 
| 844|0x00000000b4c00000, 0x00000000b4c00000, 0x00000000b4d00000|  0%| F|  |TAMS 0x00000000b4c00000, 0x00000000b4c00000| Untracked 
| 845|0x00000000b4d00000, 0x00000000b4d00000, 0x00000000b4e00000|  0%| F|  |TAMS 0x00000000b4d00000, 0x00000000b4d00000| Untracked 
| 846|0x00000000b4e00000, 0x00000000b4e00000, 0x00000000b4f00000|  0%| F|  |TAMS 0x00000000b4e00000, 0x00000000b4e00000| Untracked 
| 847|0x00000000b4f00000, 0x00000000b4f00000, 0x00000000b5000000|  0%| F|  |TAMS 0x00000000b4f00000, 0x00000000b4f00000| Untracked 
| 848|0x00000000b5000000, 0x00000000b5000000, 0x00000000b5100000|  0%| F|  |TAMS 0x00000000b5000000, 0x00000000b5000000| Untracked 
| 849|0x00000000b5100000, 0x00000000b5100000, 0x00000000b5200000|  0%| F|  |TAMS 0x00000000b5100000, 0x00000000b5100000| Untracked 
| 850|0x00000000b5200000, 0x00000000b5200000, 0x00000000b5300000|  0%| F|  |TAMS 0x00000000b5200000, 0x00000000b5200000| Untracked 
| 851|0x00000000b5300000, 0x00000000b5300000, 0x00000000b5400000|  0%| F|  |TAMS 0x00000000b5300000, 0x00000000b5300000| Untracked 
| 852|0x00000000b5400000, 0x00000000b5400000, 0x00000000b5500000|  0%| F|  |TAMS 0x00000000b5400000, 0x00000000b5400000| Untracked 
| 853|0x00000000b5500000, 0x00000000b5500000, 0x00000000b5600000|  0%| F|  |TAMS 0x00000000b5500000, 0x00000000b5500000| Untracked 
| 854|0x00000000b5600000, 0x00000000b5600000, 0x00000000b5700000|  0%| F|  |TAMS 0x00000000b5600000, 0x00000000b5600000| Untracked 
| 855|0x00000000b5700000, 0x00000000b5700000, 0x00000000b5800000|  0%| F|  |TAMS 0x00000000b5700000, 0x00000000b5700000| Untracked 
| 856|0x00000000b5800000, 0x00000000b5800000, 0x00000000b5900000|  0%| F|  |TAMS 0x00000000b5800000, 0x00000000b5800000| Untracked 
| 857|0x00000000b5900000, 0x00000000b5900000, 0x00000000b5a00000|  0%| F|  |TAMS 0x00000000b5900000, 0x00000000b5900000| Untracked 
| 858|0x00000000b5a00000, 0x00000000b5a00000, 0x00000000b5b00000|  0%| F|  |TAMS 0x00000000b5a00000, 0x00000000b5a00000| Untracked 
| 859|0x00000000b5b00000, 0x00000000b5b00000, 0x00000000b5c00000|  0%| F|  |TAMS 0x00000000b5b00000, 0x00000000b5b00000| Untracked 
| 860|0x00000000b5c00000, 0x00000000b5c00000, 0x00000000b5d00000|  0%| F|  |TAMS 0x00000000b5c00000, 0x00000000b5c00000| Untracked 
| 861|0x00000000b5d00000, 0x00000000b5d00000, 0x00000000b5e00000|  0%| F|  |TAMS 0x00000000b5d00000, 0x00000000b5d00000| Untracked 
| 862|0x00000000b5e00000, 0x00000000b5e00000, 0x00000000b5f00000|  0%| F|  |TAMS 0x00000000b5e00000, 0x00000000b5e00000| Untracked 
| 863|0x00000000b5f00000, 0x00000000b5f00000, 0x00000000b6000000|  0%| F|  |TAMS 0x00000000b5f00000, 0x00000000b5f00000| Untracked 
| 864|0x00000000b6000000, 0x00000000b6000000, 0x00000000b6100000|  0%| F|  |TAMS 0x00000000b6000000, 0x00000000b6000000| Untracked 
| 865|0x00000000b6100000, 0x00000000b6100000, 0x00000000b6200000|  0%| F|  |TAMS 0x00000000b6100000, 0x00000000b6100000| Untracked 
| 866|0x00000000b6200000, 0x00000000b6200000, 0x00000000b6300000|  0%| F|  |TAMS 0x00000000b6200000, 0x00000000b6200000| Untracked 
| 867|0x00000000b6300000, 0x00000000b6300000, 0x00000000b6400000|  0%| F|  |TAMS 0x00000000b6300000, 0x00000000b6300000| Untracked 
| 868|0x00000000b6400000, 0x00000000b6400000, 0x00000000b6500000|  0%| F|  |TAMS 0x00000000b6400000, 0x00000000b6400000| Untracked 
| 869|0x00000000b6500000, 0x00000000b6500000, 0x00000000b6600000|  0%| F|  |TAMS 0x00000000b6500000, 0x00000000b6500000| Untracked 
| 870|0x00000000b6600000, 0x00000000b6600000, 0x00000000b6700000|  0%| F|  |TAMS 0x00000000b6600000, 0x00000000b6600000| Untracked 
| 871|0x00000000b6700000, 0x00000000b6700000, 0x00000000b6800000|  0%| F|  |TAMS 0x00000000b6700000, 0x00000000b6700000| Untracked 
| 872|0x00000000b6800000, 0x00000000b6800000, 0x00000000b6900000|  0%| F|  |TAMS 0x00000000b6800000, 0x00000000b6800000| Untracked 
| 873|0x00000000b6900000, 0x00000000b6900000, 0x00000000b6a00000|  0%| F|  |TAMS 0x00000000b6900000, 0x00000000b6900000| Untracked 
| 874|0x00000000b6a00000, 0x00000000b6a00000, 0x00000000b6b00000|  0%| F|  |TAMS 0x00000000b6a00000, 0x00000000b6a00000| Untracked 
| 875|0x00000000b6b00000, 0x00000000b6b00000, 0x00000000b6c00000|  0%| F|  |TAMS 0x00000000b6b00000, 0x00000000b6b00000| Untracked 
| 876|0x00000000b6c00000, 0x00000000b6c00000, 0x00000000b6d00000|  0%| F|  |TAMS 0x00000000b6c00000, 0x00000000b6c00000| Untracked 
| 877|0x00000000b6d00000, 0x00000000b6d00000, 0x00000000b6e00000|  0%| F|  |TAMS 0x00000000b6d00000, 0x00000000b6d00000| Untracked 
| 878|0x00000000b6e00000, 0x00000000b6e00000, 0x00000000b6f00000|  0%| F|  |TAMS 0x00000000b6e00000, 0x00000000b6e00000| Untracked 
| 879|0x00000000b6f00000, 0x00000000b6f00000, 0x00000000b7000000|  0%| F|  |TAMS 0x00000000b6f00000, 0x00000000b6f00000| Untracked 
| 880|0x00000000b7000000, 0x00000000b7000000, 0x00000000b7100000|  0%| F|  |TAMS 0x00000000b7000000, 0x00000000b7000000| Untracked 
| 881|0x00000000b7100000, 0x00000000b7100000, 0x00000000b7200000|  0%| F|  |TAMS 0x00000000b7100000, 0x00000000b7100000| Untracked 
| 882|0x00000000b7200000, 0x00000000b7200000, 0x00000000b7300000|  0%| F|  |TAMS 0x00000000b7200000, 0x00000000b7200000| Untracked 
| 883|0x00000000b7300000, 0x00000000b7300000, 0x00000000b7400000|  0%| F|  |TAMS 0x00000000b7300000, 0x00000000b7300000| Untracked 
| 884|0x00000000b7400000, 0x00000000b7400000, 0x00000000b7500000|  0%| F|  |TAMS 0x00000000b7400000, 0x00000000b7400000| Untracked 
| 885|0x00000000b7500000, 0x00000000b7500000, 0x00000000b7600000|  0%| F|  |TAMS 0x00000000b7500000, 0x00000000b7500000| Untracked 
| 886|0x00000000b7600000, 0x00000000b7600000, 0x00000000b7700000|  0%| F|  |TAMS 0x00000000b7600000, 0x00000000b7600000| Untracked 
| 887|0x00000000b7700000, 0x00000000b7700000, 0x00000000b7800000|  0%| F|  |TAMS 0x00000000b7700000, 0x00000000b7700000| Untracked 
| 888|0x00000000b7800000, 0x00000000b7800000, 0x00000000b7900000|  0%| F|  |TAMS 0x00000000b7800000, 0x00000000b7800000| Untracked 
| 889|0x00000000b7900000, 0x00000000b7900000, 0x00000000b7a00000|  0%| F|  |TAMS 0x00000000b7900000, 0x00000000b7900000| Untracked 
| 890|0x00000000b7a00000, 0x00000000b7a00000, 0x00000000b7b00000|  0%| F|  |TAMS 0x00000000b7a00000, 0x00000000b7a00000| Untracked 
| 891|0x00000000b7b00000, 0x00000000b7b00000, 0x00000000b7c00000|  0%| F|  |TAMS 0x00000000b7b00000, 0x00000000b7b00000| Untracked 
| 892|0x00000000b7c00000, 0x00000000b7c00000, 0x00000000b7d00000|  0%| F|  |TAMS 0x00000000b7c00000, 0x00000000b7c00000| Untracked 
| 893|0x00000000b7d00000, 0x00000000b7d00000, 0x00000000b7e00000|  0%| F|  |TAMS 0x00000000b7d00000, 0x00000000b7d00000| Untracked 
| 894|0x00000000b7e00000, 0x00000000b7e00000, 0x00000000b7f00000|  0%| F|  |TAMS 0x00000000b7e00000, 0x00000000b7e00000| Untracked 
| 895|0x00000000b7f00000, 0x00000000b7f00000, 0x00000000b8000000|  0%| F|  |TAMS 0x00000000b7f00000, 0x00000000b7f00000| Untracked 
| 896|0x00000000b8000000, 0x00000000b8000000, 0x00000000b8100000|  0%| F|  |TAMS 0x00000000b8000000, 0x00000000b8000000| Untracked 
| 897|0x00000000b8100000, 0x00000000b8100000, 0x00000000b8200000|  0%| F|  |TAMS 0x00000000b8100000, 0x00000000b8100000| Untracked 
| 898|0x00000000b8200000, 0x00000000b8200000, 0x00000000b8300000|  0%| F|  |TAMS 0x00000000b8200000, 0x00000000b8200000| Untracked 
| 899|0x00000000b8300000, 0x00000000b8300000, 0x00000000b8400000|  0%| F|  |TAMS 0x00000000b8300000, 0x00000000b8300000| Untracked 
| 900|0x00000000b8400000, 0x00000000b8400000, 0x00000000b8500000|  0%| F|  |TAMS 0x00000000b8400000, 0x00000000b8400000| Untracked 
| 901|0x00000000b8500000, 0x00000000b8500000, 0x00000000b8600000|  0%| F|  |TAMS 0x00000000b8500000, 0x00000000b8500000| Untracked 
| 902|0x00000000b8600000, 0x00000000b8600000, 0x00000000b8700000|  0%| F|  |TAMS 0x00000000b8600000, 0x00000000b8600000| Untracked 
| 903|0x00000000b8700000, 0x00000000b8700000, 0x00000000b8800000|  0%| F|  |TAMS 0x00000000b8700000, 0x00000000b8700000| Untracked 
| 904|0x00000000b8800000, 0x00000000b8800000, 0x00000000b8900000|  0%| F|  |TAMS 0x00000000b8800000, 0x00000000b8800000| Untracked 
| 905|0x00000000b8900000, 0x00000000b8900000, 0x00000000b8a00000|  0%| F|  |TAMS 0x00000000b8900000, 0x00000000b8900000| Untracked 
| 906|0x00000000b8a00000, 0x00000000b8a00000, 0x00000000b8b00000|  0%| F|  |TAMS 0x00000000b8a00000, 0x00000000b8a00000| Untracked 
| 907|0x00000000b8b00000, 0x00000000b8b00000, 0x00000000b8c00000|  0%| F|  |TAMS 0x00000000b8b00000, 0x00000000b8b00000| Untracked 
| 908|0x00000000b8c00000, 0x00000000b8c00000, 0x00000000b8d00000|  0%| F|  |TAMS 0x00000000b8c00000, 0x00000000b8c00000| Untracked 
| 909|0x00000000b8d00000, 0x00000000b8d00000, 0x00000000b8e00000|  0%| F|  |TAMS 0x00000000b8d00000, 0x00000000b8d00000| Untracked 
| 910|0x00000000b8e00000, 0x00000000b8e00000, 0x00000000b8f00000|  0%| F|  |TAMS 0x00000000b8e00000, 0x00000000b8e00000| Untracked 
| 911|0x00000000b8f00000, 0x00000000b8f00000, 0x00000000b9000000|  0%| F|  |TAMS 0x00000000b8f00000, 0x00000000b8f00000| Untracked 
| 912|0x00000000b9000000, 0x00000000b9000000, 0x00000000b9100000|  0%| F|  |TAMS 0x00000000b9000000, 0x00000000b9000000| Untracked 
| 913|0x00000000b9100000, 0x00000000b9100000, 0x00000000b9200000|  0%| F|  |TAMS 0x00000000b9100000, 0x00000000b9100000| Untracked 
| 914|0x00000000b9200000, 0x00000000b9200000, 0x00000000b9300000|  0%| F|  |TAMS 0x00000000b9200000, 0x00000000b9200000| Untracked 
| 915|0x00000000b9300000, 0x00000000b9300000, 0x00000000b9400000|  0%| F|  |TAMS 0x00000000b9300000, 0x00000000b9300000| Untracked 
| 916|0x00000000b9400000, 0x00000000b9400000, 0x00000000b9500000|  0%| F|  |TAMS 0x00000000b9400000, 0x00000000b9400000| Untracked 
| 917|0x00000000b9500000, 0x00000000b9500000, 0x00000000b9600000|  0%| F|  |TAMS 0x00000000b9500000, 0x00000000b9500000| Untracked 
| 918|0x00000000b9600000, 0x00000000b9600000, 0x00000000b9700000|  0%| F|  |TAMS 0x00000000b9600000, 0x00000000b9600000| Untracked 
| 919|0x00000000b9700000, 0x00000000b9700000, 0x00000000b9800000|  0%| F|  |TAMS 0x00000000b9700000, 0x00000000b9700000| Untracked 
| 920|0x00000000b9800000, 0x00000000b9800000, 0x00000000b9900000|  0%| F|  |TAMS 0x00000000b9800000, 0x00000000b9800000| Untracked 
| 921|0x00000000b9900000, 0x00000000b9900000, 0x00000000b9a00000|  0%| F|  |TAMS 0x00000000b9900000, 0x00000000b9900000| Untracked 
| 922|0x00000000b9a00000, 0x00000000b9a00000, 0x00000000b9b00000|  0%| F|  |TAMS 0x00000000b9a00000, 0x00000000b9a00000| Untracked 
| 923|0x00000000b9b00000, 0x00000000b9b00000, 0x00000000b9c00000|  0%| F|  |TAMS 0x00000000b9b00000, 0x00000000b9b00000| Untracked 
| 924|0x00000000b9c00000, 0x00000000b9c00000, 0x00000000b9d00000|  0%| F|  |TAMS 0x00000000b9c00000, 0x00000000b9c00000| Untracked 
| 925|0x00000000b9d00000, 0x00000000b9d00000, 0x00000000b9e00000|  0%| F|  |TAMS 0x00000000b9d00000, 0x00000000b9d00000| Untracked 
| 926|0x00000000b9e00000, 0x00000000b9e00000, 0x00000000b9f00000|  0%| F|  |TAMS 0x00000000b9e00000, 0x00000000b9e00000| Untracked 
| 927|0x00000000b9f00000, 0x00000000b9f00000, 0x00000000ba000000|  0%| F|  |TAMS 0x00000000b9f00000, 0x00000000b9f00000| Untracked 
| 928|0x00000000ba000000, 0x00000000ba000000, 0x00000000ba100000|  0%| F|  |TAMS 0x00000000ba000000, 0x00000000ba000000| Untracked 
| 929|0x00000000ba100000, 0x00000000ba100000, 0x00000000ba200000|  0%| F|  |TAMS 0x00000000ba100000, 0x00000000ba100000| Untracked 
| 930|0x00000000ba200000, 0x00000000ba200000, 0x00000000ba300000|  0%| F|  |TAMS 0x00000000ba200000, 0x00000000ba200000| Untracked 
| 931|0x00000000ba300000, 0x00000000ba300000, 0x00000000ba400000|  0%| F|  |TAMS 0x00000000ba300000, 0x00000000ba300000| Untracked 
| 932|0x00000000ba400000, 0x00000000ba400000, 0x00000000ba500000|  0%| F|  |TAMS 0x00000000ba400000, 0x00000000ba400000| Untracked 
| 933|0x00000000ba500000, 0x00000000ba500000, 0x00000000ba600000|  0%| F|  |TAMS 0x00000000ba500000, 0x00000000ba500000| Untracked 
| 934|0x00000000ba600000, 0x00000000ba600000, 0x00000000ba700000|  0%| F|  |TAMS 0x00000000ba600000, 0x00000000ba600000| Untracked 
| 935|0x00000000ba700000, 0x00000000ba700000, 0x00000000ba800000|  0%| F|  |TAMS 0x00000000ba700000, 0x00000000ba700000| Untracked 
| 936|0x00000000ba800000, 0x00000000ba800000, 0x00000000ba900000|  0%| F|  |TAMS 0x00000000ba800000, 0x00000000ba800000| Untracked 
| 937|0x00000000ba900000, 0x00000000ba900000, 0x00000000baa00000|  0%| F|  |TAMS 0x00000000ba900000, 0x00000000ba900000| Untracked 
| 938|0x00000000baa00000, 0x00000000baa00000, 0x00000000bab00000|  0%| F|  |TAMS 0x00000000baa00000, 0x00000000baa00000| Untracked 
| 939|0x00000000bab00000, 0x00000000bab00000, 0x00000000bac00000|  0%| F|  |TAMS 0x00000000bab00000, 0x00000000bab00000| Untracked 
| 940|0x00000000bac00000, 0x00000000bac00000, 0x00000000bad00000|  0%| F|  |TAMS 0x00000000bac00000, 0x00000000bac00000| Untracked 
| 941|0x00000000bad00000, 0x00000000bad00000, 0x00000000bae00000|  0%| F|  |TAMS 0x00000000bad00000, 0x00000000bad00000| Untracked 
| 942|0x00000000bae00000, 0x00000000bae00000, 0x00000000baf00000|  0%| F|  |TAMS 0x00000000bae00000, 0x00000000bae00000| Untracked 
| 943|0x00000000baf00000, 0x00000000baf00000, 0x00000000bb000000|  0%| F|  |TAMS 0x00000000baf00000, 0x00000000baf00000| Untracked 
| 944|0x00000000bb000000, 0x00000000bb000000, 0x00000000bb100000|  0%| F|  |TAMS 0x00000000bb000000, 0x00000000bb000000| Untracked 
| 945|0x00000000bb100000, 0x00000000bb100000, 0x00000000bb200000|  0%| F|  |TAMS 0x00000000bb100000, 0x00000000bb100000| Untracked 
| 946|0x00000000bb200000, 0x00000000bb200000, 0x00000000bb300000|  0%| F|  |TAMS 0x00000000bb200000, 0x00000000bb200000| Untracked 
| 947|0x00000000bb300000, 0x00000000bb300000, 0x00000000bb400000|  0%| F|  |TAMS 0x00000000bb300000, 0x00000000bb300000| Untracked 
| 948|0x00000000bb400000, 0x00000000bb400000, 0x00000000bb500000|  0%| F|  |TAMS 0x00000000bb400000, 0x00000000bb400000| Untracked 
| 949|0x00000000bb500000, 0x00000000bb500000, 0x00000000bb600000|  0%| F|  |TAMS 0x00000000bb500000, 0x00000000bb500000| Untracked 
| 950|0x00000000bb600000, 0x00000000bb600000, 0x00000000bb700000|  0%| F|  |TAMS 0x00000000bb600000, 0x00000000bb600000| Untracked 
| 951|0x00000000bb700000, 0x00000000bb700000, 0x00000000bb800000|  0%| F|  |TAMS 0x00000000bb700000, 0x00000000bb700000| Untracked 
| 952|0x00000000bb800000, 0x00000000bb800000, 0x00000000bb900000|  0%| F|  |TAMS 0x00000000bb800000, 0x00000000bb800000| Untracked 
| 953|0x00000000bb900000, 0x00000000bb900000, 0x00000000bba00000|  0%| F|  |TAMS 0x00000000bb900000, 0x00000000bb900000| Untracked 
| 954|0x00000000bba00000, 0x00000000bba00000, 0x00000000bbb00000|  0%| F|  |TAMS 0x00000000bba00000, 0x00000000bba00000| Untracked 
| 955|0x00000000bbb00000, 0x00000000bbb00000, 0x00000000bbc00000|  0%| F|  |TAMS 0x00000000bbb00000, 0x00000000bbb00000| Untracked 
| 956|0x00000000bbc00000, 0x00000000bbc00000, 0x00000000bbd00000|  0%| F|  |TAMS 0x00000000bbc00000, 0x00000000bbc00000| Untracked 
| 957|0x00000000bbd00000, 0x00000000bbd00000, 0x00000000bbe00000|  0%| F|  |TAMS 0x00000000bbd00000, 0x00000000bbd00000| Untracked 
| 958|0x00000000bbe00000, 0x00000000bbe00000, 0x00000000bbf00000|  0%| F|  |TAMS 0x00000000bbe00000, 0x00000000bbe00000| Untracked 
| 959|0x00000000bbf00000, 0x00000000bbf00000, 0x00000000bc000000|  0%| F|  |TAMS 0x00000000bbf00000, 0x00000000bbf00000| Untracked 
| 960|0x00000000bc000000, 0x00000000bc000000, 0x00000000bc100000|  0%| F|  |TAMS 0x00000000bc000000, 0x00000000bc000000| Untracked 
| 961|0x00000000bc100000, 0x00000000bc100000, 0x00000000bc200000|  0%| F|  |TAMS 0x00000000bc100000, 0x00000000bc100000| Untracked 
| 962|0x00000000bc200000, 0x00000000bc200000, 0x00000000bc300000|  0%| F|  |TAMS 0x00000000bc200000, 0x00000000bc200000| Untracked 
| 963|0x00000000bc300000, 0x00000000bc300000, 0x00000000bc400000|  0%| F|  |TAMS 0x00000000bc300000, 0x00000000bc300000| Untracked 
| 964|0x00000000bc400000, 0x00000000bc400000, 0x00000000bc500000|  0%| F|  |TAMS 0x00000000bc400000, 0x00000000bc400000| Untracked 
| 965|0x00000000bc500000, 0x00000000bc500000, 0x00000000bc600000|  0%| F|  |TAMS 0x00000000bc500000, 0x00000000bc500000| Untracked 
| 966|0x00000000bc600000, 0x00000000bc600000, 0x00000000bc700000|  0%| F|  |TAMS 0x00000000bc600000, 0x00000000bc600000| Untracked 
| 967|0x00000000bc700000, 0x00000000bc700000, 0x00000000bc800000|  0%| F|  |TAMS 0x00000000bc700000, 0x00000000bc700000| Untracked 
| 968|0x00000000bc800000, 0x00000000bc800000, 0x00000000bc900000|  0%| F|  |TAMS 0x00000000bc800000, 0x00000000bc800000| Untracked 
| 969|0x00000000bc900000, 0x00000000bc900000, 0x00000000bca00000|  0%| F|  |TAMS 0x00000000bc900000, 0x00000000bc900000| Untracked 
| 970|0x00000000bca00000, 0x00000000bca00000, 0x00000000bcb00000|  0%| F|  |TAMS 0x00000000bca00000, 0x00000000bca00000| Untracked 
| 971|0x00000000bcb00000, 0x00000000bcb00000, 0x00000000bcc00000|  0%| F|  |TAMS 0x00000000bcb00000, 0x00000000bcb00000| Untracked 
| 972|0x00000000bcc00000, 0x00000000bcc00000, 0x00000000bcd00000|  0%| F|  |TAMS 0x00000000bcc00000, 0x00000000bcc00000| Untracked 
| 973|0x00000000bcd00000, 0x00000000bcd00000, 0x00000000bce00000|  0%| F|  |TAMS 0x00000000bcd00000, 0x00000000bcd00000| Untracked 
| 974|0x00000000bce00000, 0x00000000bce00000, 0x00000000bcf00000|  0%| F|  |TAMS 0x00000000bce00000, 0x00000000bce00000| Untracked 
| 975|0x00000000bcf00000, 0x00000000bcf00000, 0x00000000bd000000|  0%| F|  |TAMS 0x00000000bcf00000, 0x00000000bcf00000| Untracked 
| 976|0x00000000bd000000, 0x00000000bd000000, 0x00000000bd100000|  0%| F|  |TAMS 0x00000000bd000000, 0x00000000bd000000| Untracked 
| 977|0x00000000bd100000, 0x00000000bd100000, 0x00000000bd200000|  0%| F|  |TAMS 0x00000000bd100000, 0x00000000bd100000| Untracked 
| 978|0x00000000bd200000, 0x00000000bd200000, 0x00000000bd300000|  0%| F|  |TAMS 0x00000000bd200000, 0x00000000bd200000| Untracked 
| 979|0x00000000bd300000, 0x00000000bd300000, 0x00000000bd400000|  0%| F|  |TAMS 0x00000000bd300000, 0x00000000bd300000| Untracked 
| 980|0x00000000bd400000, 0x00000000bd400000, 0x00000000bd500000|  0%| F|  |TAMS 0x00000000bd400000, 0x00000000bd400000| Untracked 
| 981|0x00000000bd500000, 0x00000000bd500000, 0x00000000bd600000|  0%| F|  |TAMS 0x00000000bd500000, 0x00000000bd500000| Untracked 
| 982|0x00000000bd600000, 0x00000000bd600000, 0x00000000bd700000|  0%| F|  |TAMS 0x00000000bd600000, 0x00000000bd600000| Untracked 
| 983|0x00000000bd700000, 0x00000000bd700000, 0x00000000bd800000|  0%| F|  |TAMS 0x00000000bd700000, 0x00000000bd700000| Untracked 
| 984|0x00000000bd800000, 0x00000000bd800000, 0x00000000bd900000|  0%| F|  |TAMS 0x00000000bd800000, 0x00000000bd800000| Untracked 
| 985|0x00000000bd900000, 0x00000000bd900000, 0x00000000bda00000|  0%| F|  |TAMS 0x00000000bd900000, 0x00000000bd900000| Untracked 
| 986|0x00000000bda00000, 0x00000000bda00000, 0x00000000bdb00000|  0%| F|  |TAMS 0x00000000bda00000, 0x00000000bda00000| Untracked 
| 987|0x00000000bdb00000, 0x00000000bdb00000, 0x00000000bdc00000|  0%| F|  |TAMS 0x00000000bdb00000, 0x00000000bdb00000| Untracked 
| 988|0x00000000bdc00000, 0x00000000bdc00000, 0x00000000bdd00000|  0%| F|  |TAMS 0x00000000bdc00000, 0x00000000bdc00000| Untracked 
| 989|0x00000000bdd00000, 0x00000000bdd00000, 0x00000000bde00000|  0%| F|  |TAMS 0x00000000bdd00000, 0x00000000bdd00000| Untracked 
| 990|0x00000000bde00000, 0x00000000bde00000, 0x00000000bdf00000|  0%| F|  |TAMS 0x00000000bde00000, 0x00000000bde00000| Untracked 
| 991|0x00000000bdf00000, 0x00000000bdf00000, 0x00000000be000000|  0%| F|  |TAMS 0x00000000bdf00000, 0x00000000bdf00000| Untracked 
| 992|0x00000000be000000, 0x00000000be000000, 0x00000000be100000|  0%| F|  |TAMS 0x00000000be000000, 0x00000000be000000| Untracked 
| 993|0x00000000be100000, 0x00000000be100000, 0x00000000be200000|  0%| F|  |TAMS 0x00000000be100000, 0x00000000be100000| Untracked 
| 994|0x00000000be200000, 0x00000000be200000, 0x00000000be300000|  0%| F|  |TAMS 0x00000000be200000, 0x00000000be200000| Untracked 
| 995|0x00000000be300000, 0x00000000be300000, 0x00000000be400000|  0%| F|  |TAMS 0x00000000be300000, 0x00000000be300000| Untracked 
| 996|0x00000000be400000, 0x00000000be400000, 0x00000000be500000|  0%| F|  |TAMS 0x00000000be400000, 0x00000000be400000| Untracked 
| 997|0x00000000be500000, 0x00000000be500000, 0x00000000be600000|  0%| F|  |TAMS 0x00000000be500000, 0x00000000be500000| Untracked 
| 998|0x00000000be600000, 0x00000000be600000, 0x00000000be700000|  0%| F|  |TAMS 0x00000000be600000, 0x00000000be600000| Untracked 
| 999|0x00000000be700000, 0x00000000be700000, 0x00000000be800000|  0%| F|  |TAMS 0x00000000be700000, 0x00000000be700000| Untracked 
|1000|0x00000000be800000, 0x00000000be800000, 0x00000000be900000|  0%| F|  |TAMS 0x00000000be800000, 0x00000000be800000| Untracked 
|1001|0x00000000be900000, 0x00000000be900000, 0x00000000bea00000|  0%| F|  |TAMS 0x00000000be900000, 0x00000000be900000| Untracked 
|1002|0x00000000bea00000, 0x00000000bea00000, 0x00000000beb00000|  0%| F|  |TAMS 0x00000000bea00000, 0x00000000bea00000| Untracked 
|1003|0x00000000beb00000, 0x00000000beb00000, 0x00000000bec00000|  0%| F|  |TAMS 0x00000000beb00000, 0x00000000beb00000| Untracked 
|1004|0x00000000bec00000, 0x00000000bec00000, 0x00000000bed00000|  0%| F|  |TAMS 0x00000000bec00000, 0x00000000bec00000| Untracked 
|1005|0x00000000bed00000, 0x00000000bed00000, 0x00000000bee00000|  0%| F|  |TAMS 0x00000000bed00000, 0x00000000bed00000| Untracked 
|1006|0x00000000bee00000, 0x00000000bee00000, 0x00000000bef00000|  0%| F|  |TAMS 0x00000000bee00000, 0x00000000bee00000| Untracked 
|1007|0x00000000bef00000, 0x00000000bef00000, 0x00000000bf000000|  0%| F|  |TAMS 0x00000000bef00000, 0x00000000bef00000| Untracked 
|1008|0x00000000bf000000, 0x00000000bf000000, 0x00000000bf100000|  0%| F|  |TAMS 0x00000000bf000000, 0x00000000bf000000| Untracked 
|1009|0x00000000bf100000, 0x00000000bf100000, 0x00000000bf200000|  0%| F|  |TAMS 0x00000000bf100000, 0x00000000bf100000| Untracked 
|1010|0x00000000bf200000, 0x00000000bf200000, 0x00000000bf300000|  0%| F|  |TAMS 0x00000000bf200000, 0x00000000bf200000| Untracked 
|1011|0x00000000bf300000, 0x00000000bf300000, 0x00000000bf400000|  0%| F|  |TAMS 0x00000000bf300000, 0x00000000bf300000| Untracked 
|1012|0x00000000bf400000, 0x00000000bf400000, 0x00000000bf500000|  0%| F|  |TAMS 0x00000000bf400000, 0x00000000bf400000| Untracked 
|1013|0x00000000bf500000, 0x00000000bf500000, 0x00000000bf600000|  0%| F|  |TAMS 0x00000000bf500000, 0x00000000bf500000| Untracked 
|1014|0x00000000bf600000, 0x00000000bf600000, 0x00000000bf700000|  0%| F|  |TAMS 0x00000000bf600000, 0x00000000bf600000| Untracked 
|1015|0x00000000bf700000, 0x00000000bf700000, 0x00000000bf800000|  0%| F|  |TAMS 0x00000000bf700000, 0x00000000bf700000| Untracked 
|1016|0x00000000bf800000, 0x00000000bf800000, 0x00000000bf900000|  0%| F|  |TAMS 0x00000000bf800000, 0x00000000bf800000| Untracked 
|1017|0x00000000bf900000, 0x00000000bf900000, 0x00000000bfa00000|  0%| F|  |TAMS 0x00000000bf900000, 0x00000000bf900000| Untracked 
|1018|0x00000000bfa00000, 0x00000000bfa00000, 0x00000000bfb00000|  0%| F|  |TAMS 0x00000000bfa00000, 0x00000000bfa00000| Untracked 
|1019|0x00000000bfb00000, 0x00000000bfb00000, 0x00000000bfc00000|  0%| F|  |TAMS 0x00000000bfb00000, 0x00000000bfb00000| Untracked 
|1020|0x00000000bfc00000, 0x00000000bfc00000, 0x00000000bfd00000|  0%| F|  |TAMS 0x00000000bfc00000, 0x00000000bfc00000| Untracked 
|1021|0x00000000bfd00000, 0x00000000bfd00000, 0x00000000bfe00000|  0%| F|  |TAMS 0x00000000bfd00000, 0x00000000bfd00000| Untracked 
|1022|0x00000000bfe00000, 0x00000000bfe00000, 0x00000000bff00000|  0%| F|  |TAMS 0x00000000bfe00000, 0x00000000bfe00000| Untracked 
|1023|0x00000000bff00000, 0x00000000bff00000, 0x00000000c0000000|  0%| F|  |TAMS 0x00000000bff00000, 0x00000000bff00000| Untracked 
|1024|0x00000000c0000000, 0x00000000c0000000, 0x00000000c0100000|  0%| F|  |TAMS 0x00000000c0000000, 0x00000000c0000000| Untracked 
|1025|0x00000000c0100000, 0x00000000c0200000, 0x00000000c0200000|100%| E|  |TAMS 0x00000000c0100000, 0x00000000c0100000| Complete 
|1026|0x00000000c0200000, 0x00000000c0300000, 0x00000000c0300000|100%| E|CS|TAMS 0x00000000c0200000, 0x00000000c0200000| Complete 
|1027|0x00000000c0300000, 0x00000000c0400000, 0x00000000c0400000|100%| E|CS|TAMS 0x00000000c0300000, 0x00000000c0300000| Complete 
|1028|0x00000000c0400000, 0x00000000c0500000, 0x00000000c0500000|100%| E|CS|TAMS 0x00000000c0400000, 0x00000000c0400000| Complete 
|1029|0x00000000c0500000, 0x00000000c0600000, 0x00000000c0600000|100%| E|CS|TAMS 0x00000000c0500000, 0x00000000c0500000| Complete 
|1030|0x00000000c0600000, 0x00000000c0700000, 0x00000000c0700000|100%| E|CS|TAMS 0x00000000c0600000, 0x00000000c0600000| Complete 
|1031|0x00000000c0700000, 0x00000000c0800000, 0x00000000c0800000|100%| E|CS|TAMS 0x00000000c0700000, 0x00000000c0700000| Complete 
|1032|0x00000000c0800000, 0x00000000c0900000, 0x00000000c0900000|100%| E|CS|TAMS 0x00000000c0800000, 0x00000000c0800000| Complete 
|1033|0x00000000c0900000, 0x00000000c0a00000, 0x00000000c0a00000|100%| E|CS|TAMS 0x00000000c0900000, 0x00000000c0900000| Complete 
|1034|0x00000000c0a00000, 0x00000000c0b00000, 0x00000000c0b00000|100%| E|CS|TAMS 0x00000000c0a00000, 0x00000000c0a00000| Complete 
|1035|0x00000000c0b00000, 0x00000000c0c00000, 0x00000000c0c00000|100%| E|CS|TAMS 0x00000000c0b00000, 0x00000000c0b00000| Complete 
|1036|0x00000000c0c00000, 0x00000000c0d00000, 0x00000000c0d00000|100%| E|CS|TAMS 0x00000000c0c00000, 0x00000000c0c00000| Complete 
|1037|0x00000000c0d00000, 0x00000000c0e00000, 0x00000000c0e00000|100%| E|CS|TAMS 0x00000000c0d00000, 0x00000000c0d00000| Complete 
|1038|0x00000000c0e00000, 0x00000000c0f00000, 0x00000000c0f00000|100%| E|CS|TAMS 0x00000000c0e00000, 0x00000000c0e00000| Complete 
|1039|0x00000000c0f00000, 0x00000000c1000000, 0x00000000c1000000|100%| E|CS|TAMS 0x00000000c0f00000, 0x00000000c0f00000| Complete 
|1040|0x00000000c1000000, 0x00000000c1100000, 0x00000000c1100000|100%| E|CS|TAMS 0x00000000c1000000, 0x00000000c1000000| Complete 
|1041|0x00000000c1100000, 0x00000000c1200000, 0x00000000c1200000|100%| E|CS|TAMS 0x00000000c1100000, 0x00000000c1100000| Complete 
|1042|0x00000000c1200000, 0x00000000c1300000, 0x00000000c1300000|100%| E|CS|TAMS 0x00000000c1200000, 0x00000000c1200000| Complete 
|1043|0x00000000c1300000, 0x00000000c1400000, 0x00000000c1400000|100%| E|CS|TAMS 0x00000000c1300000, 0x00000000c1300000| Complete 
|1044|0x00000000c1400000, 0x00000000c1500000, 0x00000000c1500000|100%| E|CS|TAMS 0x00000000c1400000, 0x00000000c1400000| Complete 
|1045|0x00000000c1500000, 0x00000000c1600000, 0x00000000c1600000|100%| E|CS|TAMS 0x00000000c1500000, 0x00000000c1500000| Complete 
|1046|0x00000000c1600000, 0x00000000c1700000, 0x00000000c1700000|100%| E|CS|TAMS 0x00000000c1600000, 0x00000000c1600000| Complete 
|1047|0x00000000c1700000, 0x00000000c1800000, 0x00000000c1800000|100%| E|CS|TAMS 0x00000000c1700000, 0x00000000c1700000| Complete 
|1048|0x00000000c1800000, 0x00000000c1900000, 0x00000000c1900000|100%| E|CS|TAMS 0x00000000c1800000, 0x00000000c1800000| Complete 
|1049|0x00000000c1900000, 0x00000000c1a00000, 0x00000000c1a00000|100%| E|CS|TAMS 0x00000000c1900000, 0x00000000c1900000| Complete 
|1050|0x00000000c1a00000, 0x00000000c1b00000, 0x00000000c1b00000|100%| E|CS|TAMS 0x00000000c1a00000, 0x00000000c1a00000| Complete 
|1051|0x00000000c1b00000, 0x00000000c1c00000, 0x00000000c1c00000|100%| E|CS|TAMS 0x00000000c1b00000, 0x00000000c1b00000| Complete 
|1052|0x00000000c1c00000, 0x00000000c1d00000, 0x00000000c1d00000|100%| E|CS|TAMS 0x00000000c1c00000, 0x00000000c1c00000| Complete 
|1053|0x00000000c1d00000, 0x00000000c1e00000, 0x00000000c1e00000|100%| E|CS|TAMS 0x00000000c1d00000, 0x00000000c1d00000| Complete 
|1054|0x00000000c1e00000, 0x00000000c1f00000, 0x00000000c1f00000|100%| E|CS|TAMS 0x00000000c1e00000, 0x00000000c1e00000| Complete 
|1055|0x00000000c1f00000, 0x00000000c2000000, 0x00000000c2000000|100%| E|CS|TAMS 0x00000000c1f00000, 0x00000000c1f00000| Complete 
|1056|0x00000000c2000000, 0x00000000c2100000, 0x00000000c2100000|100%| E|CS|TAMS 0x00000000c2000000, 0x00000000c2000000| Complete 
|1057|0x00000000c2100000, 0x00000000c2200000, 0x00000000c2200000|100%| E|CS|TAMS 0x00000000c2100000, 0x00000000c2100000| Complete 
|1058|0x00000000c2200000, 0x00000000c2300000, 0x00000000c2300000|100%| E|CS|TAMS 0x00000000c2200000, 0x00000000c2200000| Complete 
|1059|0x00000000c2300000, 0x00000000c2400000, 0x00000000c2400000|100%| E|CS|TAMS 0x00000000c2300000, 0x00000000c2300000| Complete 
|1060|0x00000000c2400000, 0x00000000c2500000, 0x00000000c2500000|100%| E|CS|TAMS 0x00000000c2400000, 0x00000000c2400000| Complete 
|1061|0x00000000c2500000, 0x00000000c2600000, 0x00000000c2600000|100%| E|CS|TAMS 0x00000000c2500000, 0x00000000c2500000| Complete 
|1062|0x00000000c2600000, 0x00000000c2700000, 0x00000000c2700000|100%| E|CS|TAMS 0x00000000c2600000, 0x00000000c2600000| Complete 
|1063|0x00000000c2700000, 0x00000000c2800000, 0x00000000c2800000|100%| E|CS|TAMS 0x00000000c2700000, 0x00000000c2700000| Complete 
|1064|0x00000000c2800000, 0x00000000c2900000, 0x00000000c2900000|100%| E|CS|TAMS 0x00000000c2800000, 0x00000000c2800000| Complete 
|1065|0x00000000c2900000, 0x00000000c2a00000, 0x00000000c2a00000|100%| E|CS|TAMS 0x00000000c2900000, 0x00000000c2900000| Complete 
|1066|0x00000000c2a00000, 0x00000000c2b00000, 0x00000000c2b00000|100%| E|CS|TAMS 0x00000000c2a00000, 0x00000000c2a00000| Complete 
|1067|0x00000000c2b00000, 0x00000000c2c00000, 0x00000000c2c00000|100%| E|CS|TAMS 0x00000000c2b00000, 0x00000000c2b00000| Complete 
|1068|0x00000000c2c00000, 0x00000000c2d00000, 0x00000000c2d00000|100%| E|CS|TAMS 0x00000000c2c00000, 0x00000000c2c00000| Complete 
|1069|0x00000000c2d00000, 0x00000000c2e00000, 0x00000000c2e00000|100%| E|CS|TAMS 0x00000000c2d00000, 0x00000000c2d00000| Complete 
|1070|0x00000000c2e00000, 0x00000000c2f00000, 0x00000000c2f00000|100%| E|CS|TAMS 0x00000000c2e00000, 0x00000000c2e00000| Complete 
|1071|0x00000000c2f00000, 0x00000000c3000000, 0x00000000c3000000|100%| E|CS|TAMS 0x00000000c2f00000, 0x00000000c2f00000| Complete 
|1072|0x00000000c3000000, 0x00000000c3100000, 0x00000000c3100000|100%| E|CS|TAMS 0x00000000c3000000, 0x00000000c3000000| Complete 
|1073|0x00000000c3100000, 0x00000000c3200000, 0x00000000c3200000|100%| E|CS|TAMS 0x00000000c3100000, 0x00000000c3100000| Complete 
|1074|0x00000000c3200000, 0x00000000c3300000, 0x00000000c3300000|100%| E|CS|TAMS 0x00000000c3200000, 0x00000000c3200000| Complete 
|1075|0x00000000c3300000, 0x00000000c3400000, 0x00000000c3400000|100%| E|CS|TAMS 0x00000000c3300000, 0x00000000c3300000| Complete 
|1076|0x00000000c3400000, 0x00000000c3500000, 0x00000000c3500000|100%| E|CS|TAMS 0x00000000c3400000, 0x00000000c3400000| Complete 
|1077|0x00000000c3500000, 0x00000000c3600000, 0x00000000c3600000|100%| E|CS|TAMS 0x00000000c3500000, 0x00000000c3500000| Complete 
|1078|0x00000000c3600000, 0x00000000c3700000, 0x00000000c3700000|100%| E|CS|TAMS 0x00000000c3600000, 0x00000000c3600000| Complete 
|1079|0x00000000c3700000, 0x00000000c3800000, 0x00000000c3800000|100%| E|CS|TAMS 0x00000000c3700000, 0x00000000c3700000| Complete 
|1080|0x00000000c3800000, 0x00000000c3900000, 0x00000000c3900000|100%| E|CS|TAMS 0x00000000c3800000, 0x00000000c3800000| Complete 
|1081|0x00000000c3900000, 0x00000000c3a00000, 0x00000000c3a00000|100%| E|CS|TAMS 0x00000000c3900000, 0x00000000c3900000| Complete 
|1082|0x00000000c3a00000, 0x00000000c3b00000, 0x00000000c3b00000|100%| E|CS|TAMS 0x00000000c3a00000, 0x00000000c3a00000| Complete 
|1083|0x00000000c3b00000, 0x00000000c3c00000, 0x00000000c3c00000|100%| E|CS|TAMS 0x00000000c3b00000, 0x00000000c3b00000| Complete 
|1084|0x00000000c3c00000, 0x00000000c3d00000, 0x00000000c3d00000|100%| E|CS|TAMS 0x00000000c3c00000, 0x00000000c3c00000| Complete 
|1085|0x00000000c3d00000, 0x00000000c3e00000, 0x00000000c3e00000|100%| E|CS|TAMS 0x00000000c3d00000, 0x00000000c3d00000| Complete 
|1086|0x00000000c3e00000, 0x00000000c3f00000, 0x00000000c3f00000|100%| E|CS|TAMS 0x00000000c3e00000, 0x00000000c3e00000| Complete 
|1087|0x00000000c3f00000, 0x00000000c4000000, 0x00000000c4000000|100%| E|CS|TAMS 0x00000000c3f00000, 0x00000000c3f00000| Complete 
|1088|0x00000000c4000000, 0x00000000c4100000, 0x00000000c4100000|100%| E|CS|TAMS 0x00000000c4000000, 0x00000000c4000000| Complete 
|1089|0x00000000c4100000, 0x00000000c4200000, 0x00000000c4200000|100%| E|CS|TAMS 0x00000000c4100000, 0x00000000c4100000| Complete 
|1090|0x00000000c4200000, 0x00000000c4300000, 0x00000000c4300000|100%| E|CS|TAMS 0x00000000c4200000, 0x00000000c4200000| Complete 
|1091|0x00000000c4300000, 0x00000000c4400000, 0x00000000c4400000|100%| E|CS|TAMS 0x00000000c4300000, 0x00000000c4300000| Complete 
|1092|0x00000000c4400000, 0x00000000c4500000, 0x00000000c4500000|100%| E|CS|TAMS 0x00000000c4400000, 0x00000000c4400000| Complete 
|1093|0x00000000c4500000, 0x00000000c4600000, 0x00000000c4600000|100%| E|CS|TAMS 0x00000000c4500000, 0x00000000c4500000| Complete 
|1094|0x00000000c4600000, 0x00000000c4700000, 0x00000000c4700000|100%| E|CS|TAMS 0x00000000c4600000, 0x00000000c4600000| Complete 
|1095|0x00000000c4700000, 0x00000000c4800000, 0x00000000c4800000|100%| E|CS|TAMS 0x00000000c4700000, 0x00000000c4700000| Complete 
|1096|0x00000000c4800000, 0x00000000c4900000, 0x00000000c4900000|100%| E|CS|TAMS 0x00000000c4800000, 0x00000000c4800000| Complete 
|1097|0x00000000c4900000, 0x00000000c4a00000, 0x00000000c4a00000|100%| E|CS|TAMS 0x00000000c4900000, 0x00000000c4900000| Complete 
|1098|0x00000000c4a00000, 0x00000000c4b00000, 0x00000000c4b00000|100%| E|CS|TAMS 0x00000000c4a00000, 0x00000000c4a00000| Complete 
|1099|0x00000000c4b00000, 0x00000000c4c00000, 0x00000000c4c00000|100%| E|CS|TAMS 0x00000000c4b00000, 0x00000000c4b00000| Complete 
|1100|0x00000000c4c00000, 0x00000000c4d00000, 0x00000000c4d00000|100%| E|CS|TAMS 0x00000000c4c00000, 0x00000000c4c00000| Complete 
|1101|0x00000000c4d00000, 0x00000000c4e00000, 0x00000000c4e00000|100%| E|CS|TAMS 0x00000000c4d00000, 0x00000000c4d00000| Complete 
|1102|0x00000000c4e00000, 0x00000000c4f00000, 0x00000000c4f00000|100%| E|CS|TAMS 0x00000000c4e00000, 0x00000000c4e00000| Complete 
|1103|0x00000000c4f00000, 0x00000000c5000000, 0x00000000c5000000|100%| E|CS|TAMS 0x00000000c4f00000, 0x00000000c4f00000| Complete 
|1104|0x00000000c5000000, 0x00000000c5100000, 0x00000000c5100000|100%| E|CS|TAMS 0x00000000c5000000, 0x00000000c5000000| Complete 
|1105|0x00000000c5100000, 0x00000000c5200000, 0x00000000c5200000|100%| E|CS|TAMS 0x00000000c5100000, 0x00000000c5100000| Complete 
|1106|0x00000000c5200000, 0x00000000c5300000, 0x00000000c5300000|100%| E|CS|TAMS 0x00000000c5200000, 0x00000000c5200000| Complete 
|1107|0x00000000c5300000, 0x00000000c5400000, 0x00000000c5400000|100%| E|CS|TAMS 0x00000000c5300000, 0x00000000c5300000| Complete 
|1108|0x00000000c5400000, 0x00000000c5500000, 0x00000000c5500000|100%| E|CS|TAMS 0x00000000c5400000, 0x00000000c5400000| Complete 
|1109|0x00000000c5500000, 0x00000000c5600000, 0x00000000c5600000|100%| E|CS|TAMS 0x00000000c5500000, 0x00000000c5500000| Complete 
|1110|0x00000000c5600000, 0x00000000c5700000, 0x00000000c5700000|100%| E|CS|TAMS 0x00000000c5600000, 0x00000000c5600000| Complete 
|1111|0x00000000c5700000, 0x00000000c5800000, 0x00000000c5800000|100%| E|CS|TAMS 0x00000000c5700000, 0x00000000c5700000| Complete 
|1112|0x00000000c5800000, 0x00000000c5900000, 0x00000000c5900000|100%| E|CS|TAMS 0x00000000c5800000, 0x00000000c5800000| Complete 
|1113|0x00000000c5900000, 0x00000000c5a00000, 0x00000000c5a00000|100%| E|CS|TAMS 0x00000000c5900000, 0x00000000c5900000| Complete 
|1114|0x00000000c5a00000, 0x00000000c5b00000, 0x00000000c5b00000|100%| E|CS|TAMS 0x00000000c5a00000, 0x00000000c5a00000| Complete 
|1115|0x00000000c5b00000, 0x00000000c5c00000, 0x00000000c5c00000|100%| E|CS|TAMS 0x00000000c5b00000, 0x00000000c5b00000| Complete 
|1116|0x00000000c5c00000, 0x00000000c5d00000, 0x00000000c5d00000|100%| E|CS|TAMS 0x00000000c5c00000, 0x00000000c5c00000| Complete 
|1117|0x00000000c5d00000, 0x00000000c5e00000, 0x00000000c5e00000|100%| E|CS|TAMS 0x00000000c5d00000, 0x00000000c5d00000| Complete 
|1118|0x00000000c5e00000, 0x00000000c5f00000, 0x00000000c5f00000|100%| E|CS|TAMS 0x00000000c5e00000, 0x00000000c5e00000| Complete 
|1119|0x00000000c5f00000, 0x00000000c6000000, 0x00000000c6000000|100%| E|CS|TAMS 0x00000000c5f00000, 0x00000000c5f00000| Complete 
|1120|0x00000000c6000000, 0x00000000c6100000, 0x00000000c6100000|100%| E|CS|TAMS 0x00000000c6000000, 0x00000000c6000000| Complete 
|1121|0x00000000c6100000, 0x00000000c6200000, 0x00000000c6200000|100%| E|CS|TAMS 0x00000000c6100000, 0x00000000c6100000| Complete 
|1122|0x00000000c6200000, 0x00000000c6300000, 0x00000000c6300000|100%| E|CS|TAMS 0x00000000c6200000, 0x00000000c6200000| Complete 
|1123|0x00000000c6300000, 0x00000000c6400000, 0x00000000c6400000|100%| E|CS|TAMS 0x00000000c6300000, 0x00000000c6300000| Complete 
|1124|0x00000000c6400000, 0x00000000c6500000, 0x00000000c6500000|100%| E|CS|TAMS 0x00000000c6400000, 0x00000000c6400000| Complete 
|1125|0x00000000c6500000, 0x00000000c6600000, 0x00000000c6600000|100%| E|CS|TAMS 0x00000000c6500000, 0x00000000c6500000| Complete 
|1126|0x00000000c6600000, 0x00000000c6700000, 0x00000000c6700000|100%| E|CS|TAMS 0x00000000c6600000, 0x00000000c6600000| Complete 
|1127|0x00000000c6700000, 0x00000000c6800000, 0x00000000c6800000|100%| E|CS|TAMS 0x00000000c6700000, 0x00000000c6700000| Complete 
|1128|0x00000000c6800000, 0x00000000c6900000, 0x00000000c6900000|100%| E|CS|TAMS 0x00000000c6800000, 0x00000000c6800000| Complete 
|1129|0x00000000c6900000, 0x00000000c6a00000, 0x00000000c6a00000|100%| E|CS|TAMS 0x00000000c6900000, 0x00000000c6900000| Complete 
|1130|0x00000000c6a00000, 0x00000000c6b00000, 0x00000000c6b00000|100%| E|CS|TAMS 0x00000000c6a00000, 0x00000000c6a00000| Complete 
|1131|0x00000000c6b00000, 0x00000000c6c00000, 0x00000000c6c00000|100%| E|CS|TAMS 0x00000000c6b00000, 0x00000000c6b00000| Complete 
|1132|0x00000000c6c00000, 0x00000000c6d00000, 0x00000000c6d00000|100%| E|CS|TAMS 0x00000000c6c00000, 0x00000000c6c00000| Complete 
|1133|0x00000000c6d00000, 0x00000000c6e00000, 0x00000000c6e00000|100%| E|CS|TAMS 0x00000000c6d00000, 0x00000000c6d00000| Complete 
|1134|0x00000000c6e00000, 0x00000000c6f00000, 0x00000000c6f00000|100%| E|CS|TAMS 0x00000000c6e00000, 0x00000000c6e00000| Complete 
|1135|0x00000000c6f00000, 0x00000000c7000000, 0x00000000c7000000|100%| E|CS|TAMS 0x00000000c6f00000, 0x00000000c6f00000| Complete 
|1136|0x00000000c7000000, 0x00000000c7100000, 0x00000000c7100000|100%| E|CS|TAMS 0x00000000c7000000, 0x00000000c7000000| Complete 
|1137|0x00000000c7100000, 0x00000000c7200000, 0x00000000c7200000|100%| E|CS|TAMS 0x00000000c7100000, 0x00000000c7100000| Complete 
|1138|0x00000000c7200000, 0x00000000c7300000, 0x00000000c7300000|100%| E|CS|TAMS 0x00000000c7200000, 0x00000000c7200000| Complete 
|2024|0x00000000fe800000, 0x00000000fe900000, 0x00000000fe900000|100%| O|  |TAMS 0x00000000fe900000, 0x00000000fe800000| Untracked 
|2025|0x00000000fe900000, 0x00000000fea00000, 0x00000000fea00000|100%| E|CS|TAMS 0x00000000fe900000, 0x00000000fe900000| Complete 
|2026|0x00000000fea00000, 0x00000000feb00000, 0x00000000feb00000|100%| E|CS|TAMS 0x00000000fea00000, 0x00000000fea00000| Complete 
|2027|0x00000000feb00000, 0x00000000fec00000, 0x00000000fec00000|100%| E|CS|TAMS 0x00000000feb00000, 0x00000000feb00000| Complete 
|2028|0x00000000fec00000, 0x00000000fed00000, 0x00000000fed00000|100%| E|CS|TAMS 0x00000000fec00000, 0x00000000fec00000| Complete 
|2029|0x00000000fed00000, 0x00000000fee00000, 0x00000000fee00000|100%| E|CS|TAMS 0x00000000fed00000, 0x00000000fed00000| Complete 
|2030|0x00000000fee00000, 0x00000000fef00000, 0x00000000fef00000|100%| E|CS|TAMS 0x00000000fee00000, 0x00000000fee00000| Complete 
|2031|0x00000000fef00000, 0x00000000ff000000, 0x00000000ff000000|100%| E|CS|TAMS 0x00000000fef00000, 0x00000000fef00000| Complete 
|2032|0x00000000ff000000, 0x00000000ff100000, 0x00000000ff100000|100%| E|CS|TAMS 0x00000000ff000000, 0x00000000ff000000| Complete 
|2033|0x00000000ff100000, 0x00000000ff200000, 0x00000000ff200000|100%| E|CS|TAMS 0x00000000ff100000, 0x00000000ff100000| Complete 
|2034|0x00000000ff200000, 0x00000000ff300000, 0x00000000ff300000|100%| E|CS|TAMS 0x00000000ff200000, 0x00000000ff200000| Complete 
|2035|0x00000000ff300000, 0x00000000ff400000, 0x00000000ff400000|100%| E|CS|TAMS 0x00000000ff300000, 0x00000000ff300000| Complete 
|2036|0x00000000ff400000, 0x00000000ff500000, 0x00000000ff500000|100%| E|CS|TAMS 0x00000000ff400000, 0x00000000ff400000| Complete 
|2037|0x00000000ff500000, 0x00000000ff600000, 0x00000000ff600000|100%| E|CS|TAMS 0x00000000ff500000, 0x00000000ff500000| Complete 
|2038|0x00000000ff600000, 0x00000000ff700000, 0x00000000ff700000|100%| E|CS|TAMS 0x00000000ff600000, 0x00000000ff600000| Complete 
|2039|0x00000000ff700000, 0x00000000ff800000, 0x00000000ff800000|100%| E|CS|TAMS 0x00000000ff700000, 0x00000000ff700000| Complete 
|2040|0x00000000ff800000, 0x00000000ff900000, 0x00000000ff900000|100%| E|CS|TAMS 0x00000000ff800000, 0x00000000ff800000| Complete 
|2041|0x00000000ff900000, 0x00000000ffa00000, 0x00000000ffa00000|100%| E|CS|TAMS 0x00000000ff900000, 0x00000000ff900000| Complete 
|2042|0x00000000ffa00000, 0x00000000ffb00000, 0x00000000ffb00000|100%| E|CS|TAMS 0x00000000ffa00000, 0x00000000ffa00000| Complete 
|2043|0x00000000ffb00000, 0x00000000ffc00000, 0x00000000ffc00000|100%| E|CS|TAMS 0x00000000ffb00000, 0x00000000ffb00000| Complete 
|2044|0x00000000ffc00000, 0x00000000ffd00000, 0x00000000ffd00000|100%| E|CS|TAMS 0x00000000ffc00000, 0x00000000ffc00000| Complete 
|2045|0x00000000ffd00000, 0x00000000ffe00000, 0x00000000ffe00000|100%| E|CS|TAMS 0x00000000ffd00000, 0x00000000ffd00000| Complete 
|2046|0x00000000ffe00000, 0x00000000fff00000, 0x00000000fff00000|100%| E|CS|TAMS 0x00000000ffe00000, 0x00000000ffe00000| Complete 
|2047|0x00000000fff00000, 0x0000000100000000, 0x0000000100000000|100%| E|CS|TAMS 0x00000000fff00000, 0x00000000fff00000| Complete 

Card table byte_map: [0x000002ca79a00000,0x000002ca79e00000] _byte_map_base: 0x000002ca79600000

Marking Bits (Prev, Next): (CMBitMap*) 0x000002ca6f8ab7a0, (CMBitMap*) 0x000002ca6f8ab7e0
 Prev Bits: [0x000002ca7a200000, 0x000002ca7c200000)
 Next Bits: [0x000002ca7c200000, 0x000002ca7e200000)

Polling page: 0x000002ca6f560000

Metaspace:

Usage:
  Non-class:    153.60 MB used.
      Class:     23.51 MB used.
       Both:    177.11 MB used.

Virtual space:
  Non-class space:      192.00 MB reserved,     154.31 MB ( 80%) committed,  3 nodes.
      Class space:        1.00 GB reserved,      24.25 MB (  2%) committed,  1 nodes.
             Both:        1.19 GB reserved,     178.56 MB ( 15%) committed. 

Chunk freelists:
   Non-Class:  5.06 MB
       Class:  7.67 MB
        Both:  12.73 MB

MaxMetaspaceSize: unlimited
CompressedClassSpaceSize: 1.00 GB
Initial GC threshold: 21.00 MB
Current GC threshold: 286.56 MB
CDS: on
MetaspaceReclaimPolicy: balanced
 - commit_granule_bytes: 65536.
 - commit_granule_words: 8192.
 - virtual_space_node_default_size: 8388608.
 - enlarge_chunks_in_place: 1.
 - new_chunks_are_fully_committed: 0.
 - uncommit_free_chunks: 1.
 - use_allocation_guard: 0.
 - handle_deallocations: 1.


Internal statistics:

num_allocs_failed_limit: 12.
num_arena_births: 2592.
num_arena_deaths: 74.
num_vsnodes_births: 4.
num_vsnodes_deaths: 0.
num_space_committed: 2854.
num_space_uncommitted: 0.
num_chunks_returned_to_freelist: 137.
num_chunks_taken_from_freelist: 11014.
num_chunk_merges: 32.
num_chunk_splits: 6957.
num_chunks_enlarged: 4126.
num_inconsistent_stats: 0.

CodeHeap 'non-profiled nmethods': size=120000Kb used=13007Kb max_used=13007Kb free=106992Kb
 bounds [0x000002ca07ad0000, 0x000002ca08790000, 0x000002ca0f000000]
CodeHeap 'profiled nmethods': size=120000Kb used=38223Kb max_used=38223Kb free=81776Kb
 bounds [0x000002ca00000000, 0x000002ca02560000, 0x000002ca07530000]
CodeHeap 'non-nmethods': size=5760Kb used=1942Kb max_used=2000Kb free=3818Kb
 bounds [0x000002ca07530000, 0x000002ca077a0000, 0x000002ca07ad0000]
 total_blobs=21115 nmethods=20038 adapters=988
 compilation: enabled
              stopped_count=0, restarted_count=0
 full_count=0

Compilation events (20 events):
Event: 31.913 Thread 0x000002ca7f080400 nmethod 24989 0x000002ca02479590 code [0x000002ca02479800, 0x000002ca02479ea8]
Event: 31.913 Thread 0x000002ca7f080400 24985       2       org.jetbrains.kotlin.protobuf.CodedInputStream::getBytesUntilLimit (29 bytes)
Event: 31.913 Thread 0x000002ca7f080400 nmethod 24985 0x000002ca0247a190 code [0x000002ca0247a320, 0x000002ca0247a478]
Event: 31.913 Thread 0x000002ca7f080400 24979       2       org.jetbrains.kotlin.metadata.ProtoBuf$QualifiedNameTable$QualifiedName::initFields (18 bytes)
Event: 31.913 Thread 0x000002ca7f080400 nmethod 24979 0x000002ca0247a510 code [0x000002ca0247a6a0, 0x000002ca0247a818]
Event: 31.913 Thread 0x000002ca7f080400 24980       2       org.jetbrains.kotlin.metadata.ProtoBuf$QualifiedNameTable$QualifiedName$1::parsePartialFrom (7 bytes)
Event: 31.913 Thread 0x000002ca7f080400 nmethod 24980 0x000002ca0247a890 code [0x000002ca0247aa40, 0x000002ca0247ab68]
Event: 31.913 Thread 0x000002ca7f080400 24982       2       org.jetbrains.kotlin.metadata.ProtoBuf$QualifiedNameTable$QualifiedName$1::parsePartialFrom (11 bytes)
Event: 31.914 Thread 0x000002ca7f080400 nmethod 24982 0x000002ca0247ac10 code [0x000002ca0247adc0, 0x000002ca0247af48]
Event: 31.914 Thread 0x000002ca7f080400 24983       2       org.jetbrains.kotlin.metadata.ProtoBuf$QualifiedNameTable$QualifiedName::<init> (7 bytes)
Event: 31.914 Thread 0x000002ca7f080400 nmethod 24983 0x000002ca0247b010 code [0x000002ca0247b1c0, 0x000002ca0247b2e8]
Event: 31.914 Thread 0x000002ca7f080400 24995       2       org.jetbrains.kotlin.psi.KtDeclarationStub::getParent (45 bytes)
Event: 31.914 Thread 0x000002ca5cfcfb40 nmethod 24817 0x000002ca08765e10 code [0x000002ca08766000, 0x000002ca08766628]
Event: 31.914 Thread 0x000002ca5cfcfb40 24357       4       com.intellij.lang.impl.PsiBuilderAdapter::advanceLexer (10 bytes)
Event: 31.914 Thread 0x000002ca7f080400 nmethod 24995 0x000002ca0247b390 code [0x000002ca0247b5e0, 0x000002ca0247bbf8]
Event: 31.914 Thread 0x000002ca7f080400 24998       3       com.intellij.util.ObjectUtils::binarySearch (78 bytes)
Event: 31.915 Thread 0x000002ca7f080400 nmethod 24998 0x000002ca0247bf90 code [0x000002ca0247c160, 0x000002ca0247c518]
Event: 31.915 Thread 0x000002ca7f080400 24990       2       org.jetbrains.kotlin.metadata.ProtoBuf$ValueParameter::hasAnnotationParameterDefaultValue (18 bytes)
Event: 31.915 Thread 0x000002ca7f080400 nmethod 24990 0x000002ca0247c690 code [0x000002ca0247c820, 0x000002ca0247c938]
Event: 31.915 Thread 0x000002ca7f080400 24999   !   2       org.jetbrains.kotlin.metadata.ProtoBuf$TypeTable::<init> (344 bytes)

GC Heap History (20 events):
Event: 29.917 GC heap before
{Heap before GC invocations=62 (full 0):
 garbage-first heap   total 681984K, used 582932K [0x0000000080000000, 0x0000000100000000)
  region size 1024K, 69 young (70656K), 10 survivors (10240K)
 Metaspace       used 164148K, committed 165696K, reserved 1245184K
  class space    used 21751K, committed 22464K, reserved 1048576K
}
Event: 29.923 GC heap after
{Heap after GC invocations=63 (full 0):
 garbage-first heap   total 681984K, used 522650K [0x0000000080000000, 0x0000000100000000)
  region size 1024K, 6 young (6144K), 6 survivors (6144K)
 Metaspace       used 164148K, committed 165696K, reserved 1245184K
  class space    used 21751K, committed 22464K, reserved 1048576K
}
Event: 30.018 GC heap before
{Heap before GC invocations=63 (full 0):
 garbage-first heap   total 681984K, used 587162K [0x0000000080000000, 0x0000000100000000)
  region size 1024K, 68 young (69632K), 6 survivors (6144K)
 Metaspace       used 164320K, committed 165824K, reserved 1245184K
  class space    used 21760K, committed 22464K, reserved 1048576K
}
Event: 30.022 GC heap after
{Heap after GC invocations=64 (full 0):
 garbage-first heap   total 681984K, used 528936K [0x0000000080000000, 0x0000000100000000)
  region size 1024K, 8 young (8192K), 8 survivors (8192K)
 Metaspace       used 164320K, committed 165824K, reserved 1245184K
  class space    used 21760K, committed 22464K, reserved 1048576K
}
Event: 30.056 GC heap before
{Heap before GC invocations=64 (full 0):
 garbage-first heap   total 681984K, used 587304K [0x0000000080000000, 0x0000000100000000)
  region size 1024K, 65 young (66560K), 8 survivors (8192K)
 Metaspace       used 164320K, committed 165824K, reserved 1245184K
  class space    used 21760K, committed 22464K, reserved 1048576K
}
Event: 30.060 GC heap after
{Heap after GC invocations=65 (full 0):
 garbage-first heap   total 681984K, used 535987K [0x0000000080000000, 0x0000000100000000)
  region size 1024K, 8 young (8192K), 8 survivors (8192K)
 Metaspace       used 164320K, committed 165824K, reserved 1245184K
  class space    used 21760K, committed 22464K, reserved 1048576K
}
Event: 30.300 GC heap before
{Heap before GC invocations=65 (full 0):
 garbage-first heap   total 681984K, used 590259K [0x0000000080000000, 0x0000000100000000)
  region size 1024K, 61 young (62464K), 8 survivors (8192K)
 Metaspace       used 166733K, committed 168256K, reserved 1245184K
  class space    used 22361K, committed 23104K, reserved 1048576K
}
Event: 30.303 GC heap after
{Heap after GC invocations=66 (full 0):
 garbage-first heap   total 681984K, used 539572K [0x0000000080000000, 0x0000000100000000)
  region size 1024K, 5 young (5120K), 5 survivors (5120K)
 Metaspace       used 166733K, committed 168256K, reserved 1245184K
  class space    used 22361K, committed 23104K, reserved 1048576K
}
Event: 30.318 GC heap before
{Heap before GC invocations=66 (full 0):
 garbage-first heap   total 681984K, used 591796K [0x0000000080000000, 0x0000000100000000)
  region size 1024K, 57 young (58368K), 5 survivors (5120K)
 Metaspace       used 166747K, committed 168320K, reserved 1245184K
  class space    used 22361K, committed 23104K, reserved 1048576K
}
Event: 30.321 GC heap after
{Heap after GC invocations=67 (full 0):
 garbage-first heap   total 681984K, used 546206K [0x0000000080000000, 0x0000000100000000)
  region size 1024K, 7 young (7168K), 7 survivors (7168K)
 Metaspace       used 166747K, committed 168320K, reserved 1245184K
  class space    used 22361K, committed 23104K, reserved 1048576K
}
Event: 30.334 GC heap before
{Heap before GC invocations=67 (full 0):
 garbage-first heap   total 681984K, used 593310K [0x0000000080000000, 0x0000000100000000)
  region size 1024K, 54 young (55296K), 7 survivors (7168K)
 Metaspace       used 166747K, committed 168320K, reserved 1245184K
  class space    used 22361K, committed 23104K, reserved 1048576K
}
Event: 30.337 GC heap after
{Heap after GC invocations=68 (full 0):
 garbage-first heap   total 681984K, used 549910K [0x0000000080000000, 0x0000000100000000)
  region size 1024K, 6 young (6144K), 6 survivors (6144K)
 Metaspace       used 166747K, committed 168320K, reserved 1245184K
  class space    used 22361K, committed 23104K, reserved 1048576K
}
Event: 31.003 GC heap before
{Heap before GC invocations=68 (full 0):
 garbage-first heap   total 681984K, used 593942K [0x0000000080000000, 0x0000000100000000)
  region size 1024K, 50 young (51200K), 6 survivors (6144K)
 Metaspace       used 173459K, committed 174912K, reserved 1245184K
  class space    used 23148K, committed 23872K, reserved 1048576K
}
Event: 31.007 GC heap after
{Heap after GC invocations=69 (full 0):
 garbage-first heap   total 681984K, used 554509K [0x0000000080000000, 0x0000000100000000)
  region size 1024K, 5 young (5120K), 5 survivors (5120K)
 Metaspace       used 173459K, committed 174912K, reserved 1245184K
  class space    used 23148K, committed 23872K, reserved 1048576K
}
Event: 31.101 GC heap before
{Heap before GC invocations=69 (full 0):
 garbage-first heap   total 681984K, used 596493K [0x0000000080000000, 0x0000000100000000)
  region size 1024K, 47 young (48128K), 5 survivors (5120K)
 Metaspace       used 174312K, committed 175808K, reserved 1245184K
  class space    used 23224K, committed 23936K, reserved 1048576K
}
Event: 31.106 GC heap after
{Heap after GC invocations=70 (full 0):
 garbage-first heap   total 681984K, used 560753K [0x0000000080000000, 0x0000000100000000)
  region size 1024K, 6 young (6144K), 6 survivors (6144K)
 Metaspace       used 174312K, committed 175808K, reserved 1245184K
  class space    used 23224K, committed 23936K, reserved 1048576K
}
Event: 31.124 GC heap before
{Heap before GC invocations=70 (full 0):
 garbage-first heap   total 681984K, used 597617K [0x0000000080000000, 0x0000000100000000)
  region size 1024K, 43 young (44032K), 6 survivors (6144K)
 Metaspace       used 174510K, committed 176000K, reserved 1245184K
  class space    used 23242K, committed 24000K, reserved 1048576K
}
Event: 31.127 GC heap after
{Heap after GC invocations=71 (full 0):
 garbage-first heap   total 681984K, used 564307K [0x0000000080000000, 0x0000000100000000)
  region size 1024K, 4 young (4096K), 4 survivors (4096K)
 Metaspace       used 174510K, committed 176000K, reserved 1245184K
  class space    used 23242K, committed 24000K, reserved 1048576K
}
Event: 31.172 GC heap before
{Heap before GC invocations=71 (full 0):
 garbage-first heap   total 681984K, used 393299K [0x0000000080000000, 0x0000000100000000)
  region size 1024K, 38 young (38912K), 4 survivors (4096K)
 Metaspace       used 174501K, committed 176128K, reserved 1245184K
  class space    used 23344K, committed 24064K, reserved 1048576K
}
Event: 31.177 GC heap after
{Heap after GC invocations=72 (full 0):
 garbage-first heap   total 1190912K, used 362666K [0x0000000080000000, 0x0000000100000000)
  region size 1024K, 4 young (4096K), 4 survivors (4096K)
 Metaspace       used 174501K, committed 176128K, reserved 1245184K
  class space    used 23344K, committed 24064K, reserved 1048576K
}

Dll operation events (18 events):
Event: 0.029 Loaded shared library C:\Program Files\Eclipse Adoptium\jdk-17.0.18.8-hotspot\bin\java.dll
Event: 0.039 Loaded shared library C:\Program Files\Eclipse Adoptium\jdk-17.0.18.8-hotspot\bin\jsvml.dll
Event: 0.069 Loaded shared library C:\Program Files\Eclipse Adoptium\jdk-17.0.18.8-hotspot\bin\zip.dll
Event: 0.072 Loaded shared library C:\Program Files\Eclipse Adoptium\jdk-17.0.18.8-hotspot\bin\instrument.dll
Event: 0.075 Loaded shared library C:\Program Files\Eclipse Adoptium\jdk-17.0.18.8-hotspot\bin\net.dll
Event: 0.076 Loaded shared library C:\Program Files\Eclipse Adoptium\jdk-17.0.18.8-hotspot\bin\nio.dll
Event: 0.077 Loaded shared library C:\Program Files\Eclipse Adoptium\jdk-17.0.18.8-hotspot\bin\zip.dll
Event: 0.206 Loaded shared library C:\Program Files\Eclipse Adoptium\jdk-17.0.18.8-hotspot\bin\jimage.dll
Event: 0.282 Loaded shared library C:\Program Files\Eclipse Adoptium\jdk-17.0.18.8-hotspot\bin\verify.dll
Event: 0.334 Loaded shared library C:\Users\Cristofer\.gradle\native\1def1411415f61bf3af743bc5b6707747c0891f09f0c88961ee8f79bc544acac\windows-amd64\native-platform.dll
Event: 0.341 Loaded shared library C:\Users\Cristofer\.gradle\native\0.2.7\x86_64-windows-gnu\gradle-fileevents.dll
Event: 1.214 Loaded shared library C:\Program Files\Eclipse Adoptium\jdk-17.0.18.8-hotspot\bin\management.dll
Event: 1.216 Loaded shared library C:\Program Files\Eclipse Adoptium\jdk-17.0.18.8-hotspot\bin\management_ext.dll
Event: 1.397 Loaded shared library C:\Program Files\Eclipse Adoptium\jdk-17.0.18.8-hotspot\bin\extnet.dll
Event: 1.545 Loaded shared library C:\Program Files\Eclipse Adoptium\jdk-17.0.18.8-hotspot\bin\sunmscapi.dll
Event: 12.201 Loaded shared library C:\Users\Cristofer\AppData\Local\Temp\native-platform1209678835393388703dir\native-platform.dll
Event: 12.820 Loaded shared library C:\Program Files\Eclipse Adoptium\jdk-17.0.18.8-hotspot\bin\rmi.dll
Event: 28.115 Loaded shared library C:\Program Files\Eclipse Adoptium\jdk-17.0.18.8-hotspot\bin\awt.dll

Deoptimization events (20 events):
Event: 31.805 Thread 0x000002ca7f50fa10 Uncommon trap: trap_request=0xffffff45 fr.pc=0x000002ca07af055c relative=0x00000000000003bc
Event: 31.805 Thread 0x000002ca7f50fa10 Uncommon trap: reason=unstable_if action=reinterpret pc=0x000002ca07af055c method=java.lang.StringUTF16.compress([CII)[B @ 13 c2
Event: 31.805 Thread 0x000002ca7f50fa10 DEOPT PACKING pc=0x000002ca07af055c sp=0x000000eb96efc0b0
Event: 31.805 Thread 0x000002ca7f50fa10 DEOPT UNPACKING pc=0x000002ca075869a3 sp=0x000000eb96efc018 mode 2
Event: 31.806 Thread 0x000002ca7f5099e0 Uncommon trap: trap_request=0xffffff45 fr.pc=0x000002ca07aefe98 relative=0x00000000000001f8
Event: 31.806 Thread 0x000002ca7f5099e0 Uncommon trap: reason=unstable_if action=reinterpret pc=0x000002ca07aefe98 method=java.lang.StringUTF16.compress([CII)[B @ 13 c2
Event: 31.806 Thread 0x000002ca7f5099e0 DEOPT PACKING pc=0x000002ca07aefe98 sp=0x000000eba14fbb80
Event: 31.806 Thread 0x000002ca7f5099e0 DEOPT UNPACKING pc=0x000002ca075869a3 sp=0x000000eba14fbb08 mode 2
Event: 31.806 Thread 0x000002ca7f5099e0 Uncommon trap: trap_request=0xffffff45 fr.pc=0x000002ca07aea250 relative=0x0000000000000330
Event: 31.806 Thread 0x000002ca7f5099e0 Uncommon trap: reason=unstable_if action=reinterpret pc=0x000002ca07aea250 method=java.lang.StringUTF16.compress([CI[BII)I @ 20 c2
Event: 31.806 Thread 0x000002ca7f5099e0 DEOPT PACKING pc=0x000002ca07aea250 sp=0x000000eba14fbac0
Event: 31.806 Thread 0x000002ca7f5099e0 DEOPT UNPACKING pc=0x000002ca075869a3 sp=0x000000eba14fba68 mode 2
Event: 31.806 Thread 0x000002ca7f5099e0 Uncommon trap: trap_request=0xffffff45 fr.pc=0x000002ca07ae8804 relative=0x00000000000002e4
Event: 31.806 Thread 0x000002ca7f5099e0 Uncommon trap: reason=unstable_if action=reinterpret pc=0x000002ca07ae8804 method=java.lang.StringUTF16.compress([CI[BII)I @ 20 c2
Event: 31.806 Thread 0x000002ca7f5099e0 DEOPT PACKING pc=0x000002ca07ae8804 sp=0x000000eba14fbc80
Event: 31.806 Thread 0x000002ca7f5099e0 DEOPT UNPACKING pc=0x000002ca075869a3 sp=0x000000eba14fbc48 mode 2
Event: 31.881 Thread 0x000002ca7f5099e0 Uncommon trap: trap_request=0xffffff45 fr.pc=0x000002ca083fff2c relative=0x000000000000008c
Event: 31.881 Thread 0x000002ca7f5099e0 Uncommon trap: reason=unstable_if action=reinterpret pc=0x000002ca083fff2c method=com.intellij.lang.impl.PsiBuilderImpl.isCollapsedChameleon(Lcom/intellij/lang/impl/PsiBuilderImpl$StartMarker;)Z @ 30 c2
Event: 31.881 Thread 0x000002ca7f5099e0 DEOPT PACKING pc=0x000002ca083fff2c sp=0x000000eba14f7e00
Event: 31.881 Thread 0x000002ca7f5099e0 DEOPT UNPACKING pc=0x000002ca075869a3 sp=0x000000eba14f7d98 mode 2

Classes loaded (20 events):
Event: 29.251 Loading class sun/awt/AppContext$PostShutdownEventRunnable
Event: 29.251 Loading class sun/awt/AppContext$PostShutdownEventRunnable done
Event: 29.251 Loading class sun/awt/AWTAutoShutdown$1
Event: 29.252 Loading class sun/awt/AWTAutoShutdown$1 done
Event: 29.717 Loading class java/util/concurrent/ArrayBlockingQueue$Itrs
Event: 29.718 Loading class java/util/concurrent/ArrayBlockingQueue$Itrs done
Event: 30.084 Loading class java/nio/file/FileSystemLoopException
Event: 30.084 Loading class java/nio/file/FileSystemLoopException done
Event: 30.390 Loading class sun/nio/cs/UTF_32BE
Event: 30.390 Loading class sun/nio/cs/UTF_32BE done
Event: 30.390 Loading class sun/nio/cs/UTF_32LE
Event: 30.390 Loading class sun/nio/cs/UTF_32LE done
Event: 30.390 Loading class sun/nio/cs/MS1251
Event: 30.390 Loading class sun/nio/cs/MS1251 done
Event: 30.534 Loading class java/nio/channels/AsynchronousCloseException
Event: 30.534 Loading class java/nio/channels/AsynchronousCloseException done
Event: 30.539 Loading class java/util/stream/Nodes$FixedNodeBuilder
Event: 30.539 Loading class java/util/stream/Nodes$ArrayNode
Event: 30.540 Loading class java/util/stream/Nodes$ArrayNode done
Event: 30.540 Loading class java/util/stream/Nodes$FixedNodeBuilder done

Classes unloaded (20 events):
Event: 31.132 Thread 0x000002ca7e6868d0 Unloading class 0x000002ca1321f800 'java/lang/invoke/LambdaForm$MH+0x000002ca1321f800'
Event: 31.132 Thread 0x000002ca7e6868d0 Unloading class 0x000002ca1321f000 'java/lang/invoke/LambdaForm$MH+0x000002ca1321f000'
Event: 31.132 Thread 0x000002ca7e6868d0 Unloading class 0x000002ca1321e800 'java/lang/invoke/LambdaForm$MH+0x000002ca1321e800'
Event: 31.132 Thread 0x000002ca7e6868d0 Unloading class 0x000002ca1321e000 'java/lang/invoke/LambdaForm$MH+0x000002ca1321e000'
Event: 31.132 Thread 0x000002ca7e6868d0 Unloading class 0x000002ca1321d800 'java/lang/invoke/LambdaForm$MH+0x000002ca1321d800'
Event: 31.132 Thread 0x000002ca7e6868d0 Unloading class 0x000002ca1321d000 'java/lang/invoke/LambdaForm$MH+0x000002ca1321d000'
Event: 31.132 Thread 0x000002ca7e6868d0 Unloading class 0x000002ca1321c800 'java/lang/invoke/LambdaForm$MH+0x000002ca1321c800'
Event: 31.132 Thread 0x000002ca7e6868d0 Unloading class 0x000002ca1321c000 'java/lang/invoke/LambdaForm$MH+0x000002ca1321c000'
Event: 31.132 Thread 0x000002ca7e6868d0 Unloading class 0x000002ca12f12800 'jdk/internal/reflect/GeneratedSerializationConstructorAccessor143'
Event: 31.132 Thread 0x000002ca7e6868d0 Unloading class 0x000002ca12f12c00 'jdk/internal/reflect/GeneratedSerializationConstructorAccessor145'
Event: 31.132 Thread 0x000002ca7e6868d0 Unloading class 0x000002ca12f12400 'jdk/internal/reflect/GeneratedSerializationConstructorAccessor146'
Event: 31.132 Thread 0x000002ca7e6868d0 Unloading class 0x000002ca12f12000 'jdk/internal/reflect/GeneratedSerializationConstructorAccessor144'
Event: 31.132 Thread 0x000002ca7e6868d0 Unloading class 0x000002ca12f11800 'jdk/internal/reflect/GeneratedSerializationConstructorAccessor141'
Event: 31.132 Thread 0x000002ca7e6868d0 Unloading class 0x000002ca12f11400 'jdk/internal/reflect/GeneratedSerializationConstructorAccessor138'
Event: 31.132 Thread 0x000002ca7e6868d0 Unloading class 0x000002ca12f10c00 'jdk/internal/reflect/GeneratedSerializationConstructorAccessor139'
Event: 31.132 Thread 0x000002ca7e6868d0 Unloading class 0x000002ca12f10800 'jdk/internal/reflect/GeneratedSerializationConstructorAccessor140'
Event: 31.132 Thread 0x000002ca7e6868d0 Unloading class 0x000002ca12f10000 'jdk/internal/reflect/GeneratedSerializationConstructorAccessor136'
Event: 31.132 Thread 0x000002ca7e6868d0 Unloading class 0x000002ca12f11000 'jdk/internal/reflect/GeneratedSerializationConstructorAccessor137'
Event: 31.132 Thread 0x000002ca7e6868d0 Unloading class 0x000002ca12eb0000 'jdk/internal/reflect/GeneratedSerializationConstructorAccessor122'
Event: 31.132 Thread 0x000002ca7e6868d0 Unloading class 0x000002ca12ea2800 'jdk/internal/reflect/GeneratedSerializationConstructorAccessor119'

Classes redefined (0 events):
No events

Internal exceptions (20 events):
Event: 31.053 Thread 0x000002ca5beaff90 Exception <a 'sun/nio/fs/WindowsException'{0x00000000a7a02728}> (0x00000000a7a02728) 
thrown [s\src\hotspot\share\prims\jni.cpp, line 516]
Event: 31.054 Thread 0x000002ca5beaff90 Exception <a 'sun/nio/fs/WindowsException'{0x00000000a7a04400}> (0x00000000a7a04400) 
thrown [s\src\hotspot\share\prims\jni.cpp, line 516]
Event: 31.054 Thread 0x000002ca5beaff90 Exception <a 'sun/nio/fs/WindowsException'{0x00000000a7a05580}> (0x00000000a7a05580) 
thrown [s\src\hotspot\share\prims\jni.cpp, line 516]
Event: 31.054 Thread 0x000002ca5beaff90 Exception <a 'sun/nio/fs/WindowsException'{0x00000000a7a06c90}> (0x00000000a7a06c90) 
thrown [s\src\hotspot\share\prims\jni.cpp, line 516]
Event: 31.054 Thread 0x000002ca5beaff90 Exception <a 'sun/nio/fs/WindowsException'{0x00000000a7a077e8}> (0x00000000a7a077e8) 
thrown [s\src\hotspot\share\prims\jni.cpp, line 516]
Event: 31.054 Thread 0x000002ca5beaff90 Exception <a 'sun/nio/fs/WindowsException'{0x00000000a7a083e0}> (0x00000000a7a083e0) 
thrown [s\src\hotspot\share\prims\jni.cpp, line 516]
Event: 31.055 Thread 0x000002ca5beaff90 Exception <a 'sun/nio/fs/WindowsException'{0x00000000a7a09038}> (0x00000000a7a09038) 
thrown [s\src\hotspot\share\prims\jni.cpp, line 516]
Event: 31.055 Thread 0x000002ca5beaff90 Exception <a 'sun/nio/fs/WindowsException'{0x00000000a7a09de8}> (0x00000000a7a09de8) 
thrown [s\src\hotspot\share\prims\jni.cpp, line 516]
Event: 31.056 Thread 0x000002ca5beaff90 Exception <a 'sun/nio/fs/WindowsException'{0x00000000a7a0b5c0}> (0x00000000a7a0b5c0) 
thrown [s\src\hotspot\share\prims\jni.cpp, line 516]
Event: 31.056 Thread 0x000002ca5beaff90 Exception <a 'sun/nio/fs/WindowsException'{0x00000000a7a5dae8}> (0x00000000a7a5dae8) 
thrown [s\src\hotspot\share\prims\jni.cpp, line 516]
Event: 31.056 Thread 0x000002ca5beaff90 Exception <a 'sun/nio/fs/WindowsException'{0x00000000a7a5e7b8}> (0x00000000a7a5e7b8) 
thrown [s\src\hotspot\share\prims\jni.cpp, line 516]
Event: 31.056 Thread 0x000002ca5beaff90 Exception <a 'sun/nio/fs/WindowsException'{0x00000000a7a5f5d8}> (0x00000000a7a5f5d8) 
thrown [s\src\hotspot\share\prims\jni.cpp, line 516]
Event: 31.190 Thread 0x000002ca5beaff90 Implicit null exception at 0x000002ca08137023 to 0x000002ca0813833c
Event: 31.202 Thread 0x000002ca7f50fa10 Exception <a 'java/lang/NoSuchMethodError'{0x00000000ff5a8df0}: 'java.lang.Object java.lang.invoke.DirectMethodHandle$Holder.invokeStatic(java.lang.Object, java.lang.Object, java.lang.Object, java.lang.Object, int)'> (0x00000000ff5a8df0) 
thrown [s\src\hotspot\share\interpreter\linkResolver.cpp, line 759]
Event: 31.202 Thread 0x000002ca7f5099e0 Exception <a 'java/lang/NoSuchMethodError'{0x00000000c6f84928}: 'java.lang.Object java.lang.invoke.DirectMethodHandle$Holder.invokeStatic(java.lang.Object, java.lang.Object, java.lang.Object, java.lang.Object, int)'> (0x00000000c6f84928) 
thrown [s\src\hotspot\share\interpreter\linkResolver.cpp, line 759]
Event: 31.659 Thread 0x000002ca7f50fa10 Implicit null exception at 0x000002ca07d9f4cc to 0x000002ca07d9f5b8
Event: 31.674 Thread 0x000002ca7f5099e0 Implicit null exception at 0x000002ca085f9eb3 to 0x000002ca085f9ff2
Event: 31.674 Thread 0x000002ca7f50fa10 Implicit null exception at 0x000002ca085f9eb3 to 0x000002ca085f9ff2
Event: 31.689 Thread 0x000002ca7f50fa10 Exception <a 'java/lang/NoSuchMethodError'{0x00000000c40c6f18}: 'void java.lang.invoke.DirectMethodHandle$Holder.invokeSpecial(java.lang.Object, java.lang.Object, int, int)'> (0x00000000c40c6f18) 
thrown [s\src\hotspot\share\interpreter\linkResolver.cpp, line 759]
Event: 31.689 Thread 0x000002ca7f5099e0 Exception <a 'java/lang/NoSuchMethodError'{0x00000000c41cff18}: 'void java.lang.invoke.DirectMethodHandle$Holder.invokeSpecial(java.lang.Object, java.lang.Object, int, int)'> (0x00000000c41cff18) 
thrown [s\src\hotspot\share\interpreter\linkResolver.cpp, line 759]

VM Operations (20 events):
Event: 31.458 Executing VM operation: HandshakeAllThreads
Event: 31.458 Executing VM operation: HandshakeAllThreads done
Event: 31.511 Executing VM operation: HandshakeAllThreads
Event: 31.512 Executing VM operation: HandshakeAllThreads done
Event: 31.521 Executing VM operation: ICBufferFull
Event: 31.521 Executing VM operation: ICBufferFull done
Event: 31.521 Executing VM operation: ICBufferFull
Event: 31.521 Executing VM operation: ICBufferFull done
Event: 31.569 Executing VM operation: ICBufferFull
Event: 31.569 Executing VM operation: ICBufferFull done
Event: 31.595 Executing VM operation: HandshakeAllThreads
Event: 31.596 Executing VM operation: HandshakeAllThreads done
Event: 31.636 Executing VM operation: HandshakeAllThreads
Event: 31.637 Executing VM operation: HandshakeAllThreads done
Event: 31.745 Executing VM operation: ICBufferFull
Event: 31.746 Executing VM operation: ICBufferFull done
Event: 31.892 Executing VM operation: HandshakeAllThreads
Event: 31.893 Executing VM operation: HandshakeAllThreads done
Event: 31.911 Executing VM operation: ICBufferFull
Event: 31.911 Executing VM operation: ICBufferFull done

Memory protections (0 events):
No events

Nmethod flushes (20 events):
Event: 29.983 Thread 0x000002ca7f080d10 flushing  nmethod 0x000002ca01f91e90
Event: 29.983 Thread 0x000002ca7f080d10 flushing  nmethod 0x000002ca02056490
Event: 29.983 Thread 0x000002ca7f080d10 flushing  nmethod 0x000002ca02057a90
Event: 29.983 Thread 0x000002ca7f080d10 flushing  nmethod 0x000002ca0205fb10
Event: 29.983 Thread 0x000002ca7f080d10 flushing  nmethod 0x000002ca02061390
Event: 29.984 Thread 0x000002ca7f080d10 flushing  nmethod 0x000002ca02074b10
Event: 29.984 Thread 0x000002ca7f080d10 flushing  nmethod 0x000002ca02074e10
Event: 29.984 Thread 0x000002ca7f080d10 flushing  nmethod 0x000002ca0207dd90
Event: 29.984 Thread 0x000002ca7f080d10 flushing  nmethod 0x000002ca0207e510
Event: 29.984 Thread 0x000002ca7f080d10 flushing  nmethod 0x000002ca0207e810
Event: 29.984 Thread 0x000002ca7f080d10 flushing  nmethod 0x000002ca0207f110
Event: 29.984 Thread 0x000002ca7f080d10 flushing  nmethod 0x000002ca02080590
Event: 29.984 Thread 0x000002ca7f080d10 flushing  nmethod 0x000002ca02093710
Event: 29.984 Thread 0x000002ca7f080d10 flushing  nmethod 0x000002ca02097110
Event: 29.984 Thread 0x000002ca7f080d10 flushing  nmethod 0x000002ca020a0110
Event: 29.984 Thread 0x000002ca7f080d10 flushing  nmethod 0x000002ca0219f510
Event: 29.984 Thread 0x000002ca7f080d10 flushing  nmethod 0x000002ca0219f990
Event: 29.984 Thread 0x000002ca7f080d10 flushing  nmethod 0x000002ca0219fd90
Event: 31.902 Thread 0x000002ca7f080d10 flushing  nmethod 0x000002ca0015aa90
Event: 31.903 Thread 0x000002ca7f080d10 flushing  nmethod 0x000002ca0022e810

Events (20 events):
Event: 29.653 Thread 0x000002ca5b4054c0 Thread added: 0x000002ca66ec38a0
Event: 29.694 Thread 0x000002ca66ec38a0 Thread added: 0x000002ca66ec1f50
Event: 29.731 Thread 0x000002ca66ec38a0 Thread added: 0x000002ca66ec00f0
Event: 29.761 Thread 0x000002ca66ec00f0 Thread added: 0x000002ca66ec3390
Event: 29.761 Thread 0x000002ca66ec00f0 Thread added: 0x000002ca66ec2460
Event: 29.762 Thread 0x000002ca66ec00f0 Thread added: 0x000002ca66ec1020
Event: 29.762 Thread 0x000002ca66ec00f0 Thread added: 0x000002ca66ec2e80
Event: 30.070 Thread 0x000002ca66ec3390 Thread exited: 0x000002ca66ec3390
Event: 30.534 Thread 0x000002ca66ec1f50 Thread added: 0x000002ca66ec0600
Event: 30.551 Thread 0x000002ca66ec38a0 Thread added: 0x000002ca66ec0b10
Event: 30.563 Thread 0x000002ca66ec38a0 Thread added: 0x000002ca66ec6120
Event: 30.564 Thread 0x000002ca66ec38a0 Thread added: 0x000002ca66ec6630
Event: 30.858 Thread 0x000002ca66ec6630 Thread exited: 0x000002ca66ec6630
Event: 30.858 Thread 0x000002ca66ec6120 Thread exited: 0x000002ca66ec6120
Event: 30.858 Thread 0x000002ca66ec0600 Thread exited: 0x000002ca66ec0600
Event: 30.858 Thread 0x000002ca66ec0b10 Thread exited: 0x000002ca66ec0b10
Event: 30.859 Thread 0x000002ca66ec1f50 Thread exited: 0x000002ca66ec1f50
Event: 30.859 Thread 0x000002ca66ec38a0 Thread exited: 0x000002ca66ec38a0
Event: 30.859 Thread 0x000002ca66ec1a40 Thread exited: 0x000002ca66ec1a40
Event: 31.147 Thread 0x000002ca5beb09b0 Thread exited: 0x000002ca5beb09b0


Dynamic libraries:
0x00007ff6f7b30000 - 0x00007ff6f7b3e000 	C:\Program Files\Eclipse Adoptium\jdk-17.0.18.8-hotspot\bin\java.exe
0x00007ffe5f320000 - 0x00007ffe5f587000 	C:\WINDOWS\SYSTEM32\ntdll.dll
0x00007ffe5d750000 - 0x00007ffe5d819000 	C:\WINDOWS\System32\KERNEL32.DLL
0x00007ffe5c010000 - 0x00007ffe5c407000 	C:\WINDOWS\System32\KERNELBASE.dll
0x00007ffe5cf50000 - 0x00007ffe5d09b000 	C:\WINDOWS\System32\ucrtbase.dll
0x00007ffdf3310000 - 0x00007ffdf3328000 	C:\Program Files\Eclipse Adoptium\jdk-17.0.18.8-hotspot\bin\jli.dll
0x00007ffdf32f0000 - 0x00007ffdf330e000 	C:\Program Files\Eclipse Adoptium\jdk-17.0.18.8-hotspot\bin\VCRUNTIME140.dll
0x00007ffe5e010000 - 0x00007ffe5e1d6000 	C:\WINDOWS\System32\USER32.dll
0x00007ffe410d0000 - 0x00007ffe41362000 	C:\WINDOWS\WinSxS\amd64_microsoft.windows.common-controls_6595b64144ccf1df_6.0.26100.8457_none_3e0b2faee331e92d\COMCTL32.dll
0x00007ffe5be00000 - 0x00007ffe5be27000 	C:\WINDOWS\System32\win32u.dll
0x00007ffe5f180000 - 0x00007ffe5f229000 	C:\WINDOWS\System32\msvcrt.dll
0x00007ffe5d850000 - 0x00007ffe5d87b000 	C:\WINDOWS\System32\GDI32.dll
0x00007ffe5be30000 - 0x00007ffe5bf5c000 	C:\WINDOWS\System32\gdi32full.dll
0x00007ffe5bd50000 - 0x00007ffe5bdf3000 	C:\WINDOWS\System32\msvcp_win.dll
0x00007ffe5d3e0000 - 0x00007ffe5d412000 	C:\WINDOWS\System32\IMM32.DLL
0x00007ffe595c0000 - 0x00007ffe595cc000 	C:\Program Files\Eclipse Adoptium\jdk-17.0.18.8-hotspot\bin\vcruntime140_1.dll
0x00007ffdbb7f0000 - 0x00007ffdbb87d000 	C:\Program Files\Eclipse Adoptium\jdk-17.0.18.8-hotspot\bin\msvcp140.dll
0x00007ffdb37f0000 - 0x00007ffdb445b000 	C:\Program Files\Eclipse Adoptium\jdk-17.0.18.8-hotspot\bin\server\jvm.dll
0x00007ffe5d240000 - 0x00007ffe5d2f6000 	C:\WINDOWS\System32\ADVAPI32.dll
0x00007ffe5d420000 - 0x00007ffe5d4c7000 	C:\WINDOWS\System32\sechost.dll
0x00007ffe5def0000 - 0x00007ffe5e008000 	C:\WINDOWS\System32\RPCRT4.dll
0x00007ffe5d1b0000 - 0x00007ffe5d230000 	C:\WINDOWS\System32\WS2_32.dll
0x00007ffe5bbb0000 - 0x00007ffe5bc0e000 	C:\WINDOWS\SYSTEM32\POWRPROF.dll
0x00007ffe551b0000 - 0x00007ffe551e6000 	C:\WINDOWS\SYSTEM32\WINMM.dll
0x00007ffe551f0000 - 0x00007ffe551fb000 	C:\WINDOWS\SYSTEM32\VERSION.dll
0x00007ffe5bb90000 - 0x00007ffe5bba4000 	C:\WINDOWS\SYSTEM32\UMPDC.dll
0x00007ffe5aae0000 - 0x00007ffe5aafb000 	C:\WINDOWS\SYSTEM32\kernel.appcore.dll
0x00007ffe433c0000 - 0x00007ffe433ca000 	C:\Program Files\Eclipse Adoptium\jdk-17.0.18.8-hotspot\bin\jimage.dll
0x00007ffe51c80000 - 0x00007ffe51ec2000 	C:\WINDOWS\SYSTEM32\DBGHELP.DLL
0x00007ffe5d9e0000 - 0x00007ffe5dd63000 	C:\WINDOWS\System32\combase.dll
0x00007ffe5d540000 - 0x00007ffe5d619000 	C:\WINDOWS\System32\OLEAUT32.dll
0x00007ffe378b0000 - 0x00007ffe378eb000 	C:\WINDOWS\SYSTEM32\dbgcore.DLL
0x00007ffe5bf60000 - 0x00007ffe5c008000 	C:\WINDOWS\System32\bcryptPrimitives.dll
0x00007ffe58ea0000 - 0x00007ffe58eae000 	C:\Program Files\Eclipse Adoptium\jdk-17.0.18.8-hotspot\bin\instrument.dll
0x00007ffdde8a0000 - 0x00007ffdde8c5000 	C:\Program Files\Eclipse Adoptium\jdk-17.0.18.8-hotspot\bin\java.dll
0x00007ffdbb710000 - 0x00007ffdbb7e7000 	C:\Program Files\Eclipse Adoptium\jdk-17.0.18.8-hotspot\bin\jsvml.dll
0x00007ffe5e1e0000 - 0x00007ffe5e94e000 	C:\WINDOWS\System32\SHELL32.dll
0x00007ffe5c4d0000 - 0x00007ffe5cd3c000 	C:\WINDOWS\System32\windows.storage.dll
0x00007ffe5d650000 - 0x00007ffe5d746000 	C:\WINDOWS\System32\SHCORE.dll
0x00007ffe5d4d0000 - 0x00007ffe5d536000 	C:\WINDOWS\System32\shlwapi.dll
0x00007ffe5bc70000 - 0x00007ffe5bc99000 	C:\WINDOWS\SYSTEM32\profapi.dll
0x00007ffddde70000 - 0x00007ffddde88000 	C:\Program Files\Eclipse Adoptium\jdk-17.0.18.8-hotspot\bin\zip.dll
0x00007ffdddeb0000 - 0x00007ffdddeca000 	C:\Program Files\Eclipse Adoptium\jdk-17.0.18.8-hotspot\bin\net.dll
0x00007ffe566b0000 - 0x00007ffe567d9000 	C:\WINDOWS\SYSTEM32\WINHTTP.dll
0x00007ffe5b050000 - 0x00007ffe5b0bc000 	C:\WINDOWS\system32\mswsock.dll
0x00007ffddde90000 - 0x00007ffdddea6000 	C:\Program Files\Eclipse Adoptium\jdk-17.0.18.8-hotspot\bin\nio.dll
0x00007ffe45cf0000 - 0x00007ffe45d00000 	C:\Program Files\Eclipse Adoptium\jdk-17.0.18.8-hotspot\bin\verify.dll
0x00007ffdbabc0000 - 0x00007ffdbabe7000 	C:\Users\Cristofer\.gradle\native\1def1411415f61bf3af743bc5b6707747c0891f09f0c88961ee8f79bc544acac\windows-amd64\native-platform.dll
0x00007ffdb87b0000 - 0x00007ffdb8828000 	C:\Users\Cristofer\.gradle\native\0.2.7\x86_64-windows-gnu\gradle-fileevents.dll
0x00007ffe595d0000 - 0x00007ffe595da000 	C:\Program Files\Eclipse Adoptium\jdk-17.0.18.8-hotspot\bin\management.dll
0x00007ffe58f10000 - 0x00007ffe58f1c000 	C:\Program Files\Eclipse Adoptium\jdk-17.0.18.8-hotspot\bin\management_ext.dll
0x00007ffe5d820000 - 0x00007ffe5d828000 	C:\WINDOWS\System32\PSAPI.DLL
0x00007ffe5a5a0000 - 0x00007ffe5a5d2000 	C:\WINDOWS\SYSTEM32\IPHLPAPI.DLL
0x00007ffe5f230000 - 0x00007ffe5f23a000 	C:\WINDOWS\System32\NSI.dll
0x00007ffe56990000 - 0x00007ffe569ad000 	C:\WINDOWS\SYSTEM32\dhcpcsvc6.DLL
0x00007ffe56940000 - 0x00007ffe56965000 	C:\WINDOWS\SYSTEM32\dhcpcsvc.DLL
0x00007ffe5a680000 - 0x00007ffe5a7b2000 	C:\WINDOWS\SYSTEM32\DNSAPI.dll
0x00007ffe58eb0000 - 0x00007ffe58eb9000 	C:\Program Files\Eclipse Adoptium\jdk-17.0.18.8-hotspot\bin\extnet.dll
0x00007ffe5b340000 - 0x00007ffe5b35b000 	C:\WINDOWS\SYSTEM32\CRYPTSP.dll
0x00007ffe5aa40000 - 0x00007ffe5aa79000 	C:\WINDOWS\system32\rsaenh.dll
0x00007ffe5b100000 - 0x00007ffe5b133000 	C:\WINDOWS\SYSTEM32\USERENV.dll
0x00007ffe5bc40000 - 0x00007ffe5bc6a000 	C:\WINDOWS\SYSTEM32\bcrypt.dll
0x00007ffe5b330000 - 0x00007ffe5b33c000 	C:\WINDOWS\SYSTEM32\CRYPTBASE.dll
0x00007ffe4e9d0000 - 0x00007ffe4e9de000 	C:\Program Files\Eclipse Adoptium\jdk-17.0.18.8-hotspot\bin\sunmscapi.dll
0x00007ffe5cd40000 - 0x00007ffe5ceb8000 	C:\WINDOWS\System32\CRYPT32.dll
0x00007ffe5b550000 - 0x00007ffe5b580000 	C:\WINDOWS\SYSTEM32\ncrypt.dll
0x00007ffe5b500000 - 0x00007ffe5b53f000 	C:\WINDOWS\SYSTEM32\NTASN1.dll
0x00007ffe3e010000 - 0x00007ffe3e018000 	C:\WINDOWS\system32\wshunix.dll
0x00007ffe4cdd0000 - 0x00007ffe4cde8000 	C:\WINDOWS\system32\napinsp.dll
0x00007ffe39970000 - 0x00007ffe39983000 	C:\WINDOWS\System32\winrnr.dll
0x00007ffe25ba0000 - 0x00007ffe25bc2000 	C:\WINDOWS\system32\nlansp_c.dll
0x00007ffe344e0000 - 0x00007ffe344f6000 	C:\WINDOWS\system32\wshbth.dll
0x00007ffe56130000 - 0x00007ffe5613b000 	C:\Windows\System32\rasadhlp.dll
0x00007ffe56c60000 - 0x00007ffe56ce6000 	C:\WINDOWS\System32\fwpuclnt.dll
0x00007ffe41c20000 - 0x00007ffe41c3e000 	C:\Users\Cristofer\AppData\Local\Temp\native-platform1209678835393388703dir\native-platform.dll
0x00007ffe41c10000 - 0x00007ffe41c17000 	C:\Program Files\Eclipse Adoptium\jdk-17.0.18.8-hotspot\bin\rmi.dll
0x00007ffe310b0000 - 0x00007ffe31241000 	C:\Program Files\Eclipse Adoptium\jdk-17.0.18.8-hotspot\bin\awt.dll
0x00007ffe59150000 - 0x00007ffe591f0000 	C:\WINDOWS\SYSTEM32\apphelp.dll
0x00007ffe59800000 - 0x00007ffe598aa000 	C:\WINDOWS\system32\uxtheme.dll
0x00007ffe5d880000 - 0x00007ffe5d9dc000 	C:\WINDOWS\System32\MSCTF.dll
0x00007ffe5edf0000 - 0x00007ffe5ef87000 	C:\WINDOWS\System32\ole32.dll

dbghelp: loaded successfully - version: 4.0.5 - missing functions: none
symbol engine: initialized successfully - sym options: 0x614 - pdb path: .;C:\Program Files\Eclipse Adoptium\jdk-17.0.18.8-hotspot\bin;C:\WINDOWS\SYSTEM32;C:\WINDOWS\WinSxS\amd64_microsoft.windows.common-controls_6595b64144ccf1df_6.0.26100.8457_none_3e0b2faee331e92d;C:\Program Files\Eclipse Adoptium\jdk-17.0.18.8-hotspot\bin\server;C:\Users\Cristofer\.gradle\native\1def1411415f61bf3af743bc5b6707747c0891f09f0c88961ee8f79bc544acac\windows-amd64;C:\Users\Cristofer\.gradle\native\0.2.7\x86_64-windows-gnu;C:\Users\Cristofer\AppData\Local\Temp\native-platform1209678835393388703dir

VM Arguments:
jvm_args: --add-opens=java.base/java.lang=ALL-UNNAMED --add-opens=java.base/java.lang.invoke=ALL-UNNAMED --add-opens=java.base/java.util=ALL-UNNAMED --add-opens=java.prefs/java.util.prefs=ALL-UNNAMED --add-exports=jdk.compiler/com.sun.tools.javac.api=ALL-UNNAMED --add-exports=jdk.compiler/com.sun.tools.javac.util=ALL-UNNAMED --add-opens=java.base/java.util=ALL-UNNAMED --add-opens=java.prefs/java.util.prefs=ALL-UNNAMED --add-opens=java.base/java.nio.charset=ALL-UNNAMED --add-opens=java.base/java.net=ALL-UNNAMED --add-opens=java.base/java.util.concurrent.atomic=ALL-UNNAMED --add-opens=java.xml/javax.xml.namespace=ALL-UNNAMED -Xmx2048m -Dfile.encoding=UTF-8 -Duser.country=CO -Duser.language=es -Duser.variant -javaagent:C:\Users\Cristofer\.gradle\wrapper\dists\gradle-8.13-bin\5xuhj0ry160q40clulazy9h7d\gradle-8.13\lib\agents\gradle-instrumentation-agent-8.13.jar 
java_command: org.gradle.launcher.daemon.bootstrap.GradleDaemon 8.13
java_class_path (initial): C:\Users\Cristofer\.gradle\wrapper\dists\gradle-8.13-bin\5xuhj0ry160q40clulazy9h7d\gradle-8.13\lib\gradle-daemon-main-8.13.jar
Launcher Type: SUN_STANDARD

[Global flags]
     intx CICompilerCount                          = 4                                         {product} {ergonomic}
     uint ConcGCThreads                            = 3                                         {product} {ergonomic}
     uint G1ConcRefinementThreads                  = 10                                        {product} {ergonomic}
   size_t G1HeapRegionSize                         = 1048576                                   {product} {ergonomic}
    uintx GCDrainStackTargetSize                   = 64                                        {product} {ergonomic}
   size_t InitialHeapSize                          = 190840832                                 {product} {ergonomic}
   size_t MarkStackSize                            = 4194304                                   {product} {ergonomic}
   size_t MaxHeapSize                              = 2147483648                                {product} {command line}
   size_t MaxNewSize                               = 1287651328                                {product} {ergonomic}
   size_t MinHeapDeltaBytes                        = 1048576                                   {product} {ergonomic}
   size_t MinHeapSize                              = 8388608                                   {product} {ergonomic}
    uintx NonNMethodCodeHeapSize                   = 5839372                                {pd product} {ergonomic}
    uintx NonProfiledCodeHeapSize                  = 122909434                              {pd product} {ergonomic}
    uintx ProfiledCodeHeapSize                     = 122909434                              {pd product} {ergonomic}
    uintx ReservedCodeCacheSize                    = 251658240                              {pd product} {ergonomic}
     bool SegmentedCodeCache                       = true                                      {product} {ergonomic}
   size_t SoftMaxHeapSize                          = 2147483648                             {manageable} {ergonomic}
     bool UseCompressedClassPointers               = true                           {product lp64_product} {ergonomic}
     bool UseCompressedOops                        = true                           {product lp64_product} {ergonomic}
     bool UseG1GC                                  = true                                      {product} {ergonomic}
     bool UseLargePagesIndividualAllocation        = false                                  {pd product} {ergonomic}

Logging:
Log output configuration:
 #0: stdout all=warning uptime,level,tags
 #1: stderr all=off uptime,level,tags

Environment Variables:
JAVA_HOME=C:\Program Files\Eclipse Adoptium\jdk-17.0.18.8-hotspot
CLASSPATH=C:\Users\Cristofer\Documents\Cristofer\Aplicaciones Moviles\Trabajo\movil-hello-android\\gradle\wrapper\gradle-wrapper.jar
PATH=C:\Program Files\Eclipse Adoptium\jdk-17.0.18.8-hotspot\bin;C:\Program Files\Common Files\Oracle\Java\javapath;C:\WINDOWS\system32;C:\WINDOWS;C:\WINDOWS\System32\Wbem;C:\WINDOWS\System32\WindowsPowerShell\v1.0\;C:\WINDOWS\System32\OpenSSH\;C:\Android\sdk\cmdline-tools\latest\bin;C:\Android\sdk\platform-tools;C:\Program Files\usbipd-win\;C:\Program Files\Git\cmd;C:\Users\Cristofer\AppData\Local\Programs\Python\Launcher\;C:\Users\Cristofer\AppData\Local\Microsoft\WindowsApps;C:\Users\Cristofer\AppData\Local\Programs\Microsoft VS Code\bin;C:\Gradle\bin;C:\Users\Cristofer\AppData\Local\Android\Sdk\platform-tools;C:\Users\Cristofer\AppData\Local\Android\Sdk\emulator;C:\Users\Cristofer\AppData\Local\Android\Sdk\cmdline-tools\latest\bin
USERNAME=Cristofer
OS=Windows_NT
PROCESSOR_IDENTIFIER=AMD64 Family 25 Model 80 Stepping 0, AuthenticAMD
TMP=C:\Users\CRISTO~1\AppData\Local\Temp
TEMP=C:\Users\CRISTO~1\AppData\Local\Temp



Periodic native trim disabled


---------------  S Y S T E M  ---------------

OS:
 Windows 11 , 64 bit Build 26100 (10.0.26100.8328)
OS uptime: 0 days 7:09 hours

CPU: total 12 (initial active 12) (12 cores per cpu, 2 threads per core) family 25 model 80 stepping 0 microcode 0xa50000f, cx8, cmov, fxsr, ht, mmx, 3dnowpref, sse, sse2, sse3, ssse3, sse4a, sse4.1, sse4.2, popcnt, lzcnt, tsc, tscinvbit, avx, avx2, aes, erms, clmul, bmi1, bmi2, adx, sha, fma, vzeroupper, clflush, clflushopt
Processor Information for processor 0
  Max Mhz: 3301, Current Mhz: 3301, Mhz Limit: 3301
Processor Information for processor 1
  Max Mhz: 3301, Current Mhz: 3301, Mhz Limit: 3301
Processor Information for processor 2
  Max Mhz: 3301, Current Mhz: 3301, Mhz Limit: 3301
Processor Information for processor 3
  Max Mhz: 3301, Current Mhz: 3301, Mhz Limit: 3301
Processor Information for processor 4
  Max Mhz: 3301, Current Mhz: 3301, Mhz Limit: 3301
Processor Information for processor 5
  Max Mhz: 3301, Current Mhz: 3301, Mhz Limit: 3301
Processor Information for processor 6
  Max Mhz: 3301, Current Mhz: 2630, Mhz Limit: 3301
Processor Information for processor 7
  Max Mhz: 3301, Current Mhz: 3301, Mhz Limit: 3301
Processor Information for processor 8
  Max Mhz: 3301, Current Mhz: 3301, Mhz Limit: 3301
Processor Information for processor 9
  Max Mhz: 3301, Current Mhz: 3301, Mhz Limit: 3301
Processor Information for processor 10
  Max Mhz: 3301, Current Mhz: 3301, Mhz Limit: 3301
Processor Information for processor 11
  Max Mhz: 3301, Current Mhz: 3301, Mhz Limit: 3301

Memory: 4k page, system-wide physical 11613M (1065M free)
TotalPageFile size 21549M (AvailPageFile size 2007M)
current process WorkingSet (physical memory assigned to process): 1299M, peak: 1299M
current process commit charge ("private bytes"): 1740M, peak: 1742M

vm_info: OpenJDK 64-Bit Server VM (17.0.18+8) for windows-amd64 JRE (17.0.18+8), built on Jan 20 2026 22:28:22 by "admin" with MS VC++ 17.12 (VS2022)

END.
